model,_key,case,psnr,ssim,mae,mse,pcc,org_psnr,org_ssim,org_mae,org_mse,org_pcc,body_psnr,body_ssim,body_mae,body_mse,body_pcc,body_frac,raps_hf,grad_w1,org_grad_w1,seam,zflicker,zaniso,phase_match,agree_real,gen_prob,feature_l1_hu
l1_adv,../sample_data_reg/ncct_cect/vindr_ds/all_baseline_algorithms/B2_deeds__aligned/1.2.840.113619.2.278.3.717616.286.1587944968.878/1.2.840.113619.2.278.3.717616.286.1587944968.878_1.2.840.113619.2.278.3.717616.286.1587944968.981.4202498_deeds.nii.gz,1.2.840.113619.2.278.3.717616.286.1587944968.878_1.2.840.113619.2.278.3.717616.286.1587944968.981.4202498_deeds.nii.gz,28.826636976267896,0.9333106624566582,0.014108604969467866,0.001310196100059187,0.9819738822607407,23.821046446110042,0.9610276946538086,0.03684969691102798,0.00414854070207387,0.9617152951501903,25.049650328247335,0.9554336027948389,0.03404858472924941,0.0031263310732135997,0.957871352028998,0.41221642573459505,0.9614125938841898,0.0007725286086374397,0.0017807285645557653,1.8309156227745533,1.0498300986389268,1.0483613531592042,1,1,0.9871724843978882,17.040962727864585
l1_adv,../sample_data_reg/ncct_cect/vindr_ds/all_baseline_algorithms/B2_deeds__aligned/1.2.840.113619.2.278.3.717616.323.1577925255.997/1.2.840.113619.2.278.3.717616.323.1577925255.997_1.2.840.113619.2.278.3.717616.323.1577925256.95.4202498_deeds.nii.gz,1.2.840.113619.2.278.3.717616.323.1577925255.997_1.2.840.113619.2.278.3.717616.323.1577925256.95.4202498_deeds.nii.gz,30.959718020359873,0.9439549294241785,0.008566840395516815,0.000801730116600447,0.9887866705852126,25.008929098596173,0.979411783163573,0.03001451053369585,0.0031557826934681035,0.9803963817154021,26.394023546339728,0.9739960477680513,0.025794307646087,0.0022940223530316093,0.9745361226525426,0.322091862414412,1.0845342706851235,0.0004130576517207693,0.0007121862994855882,1.8062499699706334,1.0405714156627615,0.9899335364321006,1,1,0.9764336347579956,28.2486083984375
l1_adv,../sample_data_reg/ncct_cect/vindr_ds/all_baseline_algorithms/B2_deeds__aligned/1.2.840.113619.2.278.3.717616.166.1580339223.519/1.2.840.113619.2.278.3.717616.166.1580339223.519_1.2.840.113619.2.278.3.717616.166.1580339223.616.4202498_deeds.nii.gz,1.2.840.113619.2.278.3.717616.166.1580339223.519_1.2.840.113619.2.278.3.717616.166.1580339223.616.4202498_deeds.nii.gz,31.735784996855116,0.9540230508662293,0.008397124215015076,0.0006705350750541805,0.9912370708281483,25.793635244807458,0.9743221072843556,0.027572852855056628,0.0026341255783615867,0.9742149875065023,26.91435090753839,0.9743617637926166,0.025414074745629577,0.002035002322662234,0.9742286076797227,0.32588956636968297,0.8815652770291439,0.0006995178156944664,0.002284626130561463,1.628831342373699,0.9784896101677534,1.0624427434245134,1,1,0.9875675439834595,13.071060180664062
l1_adv,../sample_data_reg/ncct_cect/vindr_ds/all_baseline_algorithms/B2_deeds__aligned/1.2.840.113619.2.278.3.717616.166.1580339223.956/1.2.840.113619.2.278.3.717616.166.1580339223.956_1.2.840.113619.2.278.3.717616.166.1580339224.53.4202498_deeds.nii.gz,1.2.840.113619.2.278.3.717616.166.1580339223.956_1.2.840.113619.2.278.3.717616.166.1580339224.53.4202498_deeds.nii.gz,28.9135735406908,0.9342880204990134,0.011077659009487246,0.0012842295120335263,0.9854937761214294,24.225503756034502,0.9678651725388763,0.0298184578243512,0.003779632932418778,0.9678398427450238,24.512143515291744,0.9603896700360757,0.030550654143746966,0.0035382266433323017,0.9602508583884981,0.3605398557027855,0.8453215932489253,0.00114798126162413,0.0028456214703487725,1.6461585896727673,0.9394194202982337,1.0754447850950577,1,1,0.9788541793823242,12.345982869466146
l1_adv,../sample_data_reg/ncct_cect/vindr_ds/all_baseline_algorithms/B2_deeds__aligned/1.2.840.113619.2.278.3.717616.286.1593493292.675/1.2.840.113619.2.278.3.717616.286.1593493292.675_1.2.840.113619.2.278.3.717616.286.1593493292.775.4202498_deeds.nii.gz,1.2.840.113619.2.278.3.717616.286.1593493292.675_1.2.840.113619.2.278.3.717616.286.1593493292.775.4202498_deeds.nii.gz,32.15691294202925,0.9511471943640372,0.00848783542831762,0.0006085674303030101,0.9929472251386479,26.501455179989005,0.9805536849029496,0.023082312664964046,0.00223797114136216,0.9805864504242667,28.480953738229758,0.9816391348871696,0.019843484090457077,0.001418745921872083,0.98154183358632,0.4253575697439112,0.8472632949778984,0.0013342550348475171,0.002520574051351344,1.5207247772239185,0.9520197109625004,1.0721832063212648,1,1,0.9708215594291687,13.28857421875
l1_adv,../sample_data_reg/ncct_cect/vindr_ds/all_baseline_algorithms/B2_deeds__aligned/1.2.840.113619.2.278.3.717616.306.1582703661.35/1.2.840.113619.2.278.3.717616.306.1582703661.35_1.2.840.113619.2.278.3.717616.306.1582703661.129.4202498_deeds.nii.gz,1.2.840.113619.2.278.3.717616.306.1582703661.35_1.2.840.113619.2.278.3.717616.306.1582703661.129.4202498_deeds.nii.gz,29.031902189642288,0.9330763023826627,0.011031952769198158,0.0012497115424816847,0.9834791031448775,23.419181184506122,0.9622848675621235,0.03503668985871063,0.00455073851338097,0.9622380929130661,23.769259074298148,0.9513026563346119,0.035940108869232976,0.004198306028496751,0.9511878954631056,0.2882795300858457,0.9243237318587427,0.0004066554745635503,0.002488670729252226,1.8474975349935554,0.958270477898824,1.0087240851185473,1,1,0.9896372556686401,20.511365618024552
l1_adv,../sample_data_reg/ncct_cect/vindr_ds/all_baseline_algorithms/B2_deeds__aligned/1.2.392.200036.9116.2.5.1.37.2418751871.1526972837.526920/1.2.392.200036.9116.2.5.1.37.2418751871.1526972837.526920_1.2.392.200036.9116.2.5.1.37.2418751871.1526973364.470863_deeds.nii.gz,1.2.392.200036.9116.2.5.1.37.2418751871.1526972837.526920_1.2.392.200036.9116.2.5.1.37.2418751871.1526973364.470863_deeds.nii.gz,29.177346077453414,0.9322062194424549,0.011068265570457368,0.0012085521415110523,0.9891165677056997,24.240589146513077,0.9716573763647702,0.03423694993506221,0.0037665270032015844,0.9725717707910135,24.839048543600416,0.9657707961225602,0.033372753355157526,0.0032816718041007555,0.9664333563614623,0.2830902040602605,0.835321521889035,0.002493053691913118,0.005410555110717255,1.1920465538215146,0.9215353852394699,1.0754369277720928,1,1,0.9876384735107422,23.221032278878347
l1_adv,../sample_data_reg/ncct_cect/vindr_ds/all_baseline_algorithms/B2_deeds__aligned/1.2.392.200036.9116.2.5.1.37.2418751871.1522984884.757455/1.2.392.200036.9116.2.5.1.37.2418751871.1522984884.757455_1.2.392.200036.9116.2.5.1.37.2418751871.1522985393.543093_deeds.nii.gz,1.2.392.200036.9116.2.5.1.37.2418751871.1522984884.757455_1.2.392.200036.9116.2.5.1.37.2418751871.1522985393.543093_deeds.nii.gz,29.664238089145833,0.9395538193489269,0.009899378643910797,0.0010803791421463897,0.9879536118561971,24.750066556569802,0.9727347137159961,0.029880601229894138,0.003349603057792719,0.9727495794406344,25.934805521668352,0.9718667397719316,0.027781326452176354,0.0025498782695329673,0.9717774545268637,0.2872439413280216,0.899031944154894,0.0019053821432512552,0.001977045773867667,1.2142869121022581,1.0323521807855738,1.1360104302849603,1,1,0.9976727366447449,16.687879289899552
l1_adv,../sample_data_reg/ncct_cect/vindr_ds/all_baseline_algorithms/B2_deeds__aligned/1.2.840.113619.2.278.3.717616.310.1589696975.113/1.2.840.113619.2.278.3.717616.310.1589696975.113_1.2.840.113619.2.278.3.717616.310.1589696975.214.4202498_deeds.nii.gz,1.2.840.113619.2.278.3.717616.310.1589696975.113_1.2.840.113619.2.278.3.717616.310.1589696975.214.4202498_deeds.nii.gz,30.259642664867176,0.9461933054573126,0.008356978822266626,0.0009419670978738583,0.9883930231846423,23.55721976641179,0.9670072518282359,0.03086588150700397,0.004408369848826801,0.9669033625548914,25.052480216049663,0.9654377596047561,0.027876262723596685,0.003124294601480141,0.9651966499362111,0.29022336311819963,0.8211387102401384,0.0008417591776451263,0.002901946849033046,1.6992146237300276,0.9527834395971334,1.0773109584523608,1,1,0.9875530004501343,11.117917742047991
l1_adv,../sample_data_reg/ncct_cect/vindr_ds/all_baseline_algorithms/B2_deeds__aligned/1.2.392.200036.9116.2.5.1.37.2418751871.1574736893.449879/1.2.392.200036.9116.2.5.1.37.2418751871.1574736893.449879_1.2.392.200036.9116.2.5.1.37.2418751871.1574737469.513228_deeds.nii.gz,1.2.392.200036.9116.2.5.1.37.2418751871.1574736893.449879_1.2.392.200036.9116.2.5.1.37.2418751871.1574737469.513228_deeds.nii.gz,27.12380950318767,0.9243633186198519,0.013168671233552833,0.0019391841361760672,0.9795705881224022,22.061368274845353,0.954915882850613,0.03860875602859268,0.006221042560359281,0.9551892916029696,22.647330973357256,0.9453550572529492,0.037036486574619436,0.005435842973393621,0.9452257129904715,0.31846080952428396,0.918331238332027,0.001335949208938804,0.001245749375985053,1.2441646320683482,1.2100759609866425,1.2913205401877397,1,1,0.9865058064460754,19.04889678955078
l1_adv,../sample_data_reg/ncct_cect/vindr_ds/all_baseline_algorithms/B2_deeds__aligned/1.2.840.113619.2.278.3.717616.259.1592554882.977/1.2.840.113619.2.278.3.717616.259.1592554882.977_1.2.840.113619.2.278.3.717616.259.1592554883.67.4202498_deeds.nii.gz,1.2.840.113619.2.278.3.717616.259.1592554882.977_1.2.840.113619.2.278.3.717616.259.1592554883.67.4202498_deeds.nii.gz,32.47706911619743,0.9574564016410179,0.00804785488027783,0.000565318357383141,0.992498023109839,26.45310591452826,0.9834051581653667,0.02499249017068182,0.002263025296209285,0.9834732273241605,28.32716432551957,0.9827738631131693,0.0210090482731141,0.0014698857088828257,0.9828455745754372,0.38002527931945435,0.871880590497773,0.0008350393195591862,0.00261520681573198,1.69939499108836,0.9661338869670061,1.0541623712721242,1,1,0.9778765439987183,19.161783854166668
l1_adv,../sample_data_reg/ncct_cect/vindr_ds/all_baseline_algorithms/B2_deeds__aligned/1.2.840.113619.2.278.3.717616.249.1585713660.403/1.2.840.113619.2.278.3.717616.249.1585713660.403_1.2.840.113619.2.278.3.717616.249.1585713660.663.12_deeds.nii.gz,1.2.840.113619.2.278.3.717616.249.1585713660.403_1.2.840.113619.2.278.3.717616.249.1585713660.663.12_deeds.nii.gz,28.952633330460745,0.9473438740973298,0.009395176115142992,0.0012727311306254322,0.9801820699924167,22.347475024506434,0.94662186532887,0.03977524851414625,0.005824417492906908,0.9467864483707725,22.707204990186398,0.9373880821882677,0.03897437541649881,0.00536141593720594,0.9370490192896657,0.2348892779970323,0.7393565540134892,0.001310909784724969,0.004751133611748754,1.8322924504368303,0.9796457197684386,1.1893169631690645,1,1,0.7853956818580627,20.563099670410157
l1_adv,../sample_data_reg/ncct_cect/vindr_ds/all_baseline_algorithms/B2_deeds__aligned/1.2.840.113619.2.278.3.717616.306.1582703645.873/1.2.840.113619.2.278.3.717616.306.1582703645.873_1.2.840.113619.2.278.3.717616.306.1582703646.13.4202498_deeds.nii.gz,1.2.840.113619.2.278.3.717616.306.1582703645.873_1.2.840.113619.2.278.3.717616.306.1582703646.13.4202498_deeds.nii.gz,30.57066726961152,0.9506408366621407,0.007734217706797991,0.0008768660851366541,0.9869015910718574,23.850218776803338,0.9634365447689824,0.030521617546224292,0.004120767601167682,0.9633114294289715,24.971833543788474,0.9627386946454982,0.028275969883482552,0.0031828534721107487,0.9625075002497651,0.2514754137276546,0.9423824383015602,0.0002290213790725903,0.001221179312369585,1.7910095892151858,1.0150362746115456,1.0304897551479264,1,1,0.9872150421142578,11.912540690104167
l1_adv,../sample_data_reg/ncct_cect/vindr_ds/all_baseline_algorithms/B2_deeds__aligned/1.2.840.113619.2.278.3.717616.286.1587944983.828/1.2.840.113619.2.278.3.717616.286.1587944983.828_1.2.840.113619.2.278.3.717616.286.1587944983.915.4202498_deeds.nii.gz,1.2.840.113619.2.278.3.717616.286.1587944983.828_1.2.840.113619.2.278.3.717616.286.1587944983.915.4202498_deeds.nii.gz,33.06126985739685,0.9601719554628346,0.00666212118674683,0.0004941661739090979,0.9928773620315601,27.05858481280049,0.9833859588134918,0.02542841232584479,0.0019685276474489615,0.9834478344926215,27.25556620947829,0.978515896488238,0.025873158465581296,0.0018812364248763545,0.978541284189523,0.241579215748046,0.8738977113566497,0.00047905583022634984,0.00274435712078306,2.0192092081676485,0.9736426876103028,1.042333735652121,1,1,0.9714161157608032,20.119905598958333
l1_adv,../sample_data_reg/ncct_cect/vindr_ds/all_baseline_algorithms/B2_deeds__aligned/1.2.392.200036.9116.2.5.1.37.2418751871.1432695579.168588/1.2.392.200036.9116.2.5.1.37.2418751871.1432695579.168588_1.2.392.200036.9116.2.5.1.37.2418751871.1432696175.178596_deeds.nii.gz,1.2.392.200036.9116.2.5.1.37.2418751871.1432695579.168588_1.2.392.200036.9116.2.5.1.37.2418751871.1432696175.178596_deeds.nii.gz,29.145832841560484,0.9193876767933646,0.012400192268825215,0.001217353519967444,0.9857684510353469,24.898479682026537,0.9722276321257737,0.03350052117079817,0.0032370695594526673,0.9725542743953832,25.39150984872653,0.9664439911327213,0.032652747355605256,0.0028896750962262214,0.9668090669900076,0.317671122707103,0.9031966126059059,0.0009998238020006947,0.0029588289007054613,1.355102067863392,1.0425155132308925,1.0976993409612024,1,1,0.988874614238739,34.784377034505205
l1_adv,../sample_data_reg/ncct_cect/vindr_ds/all_baseline_algorithms/B2_deeds__aligned/1.2.840.113619.2.278.3.717616.306.1582703665.824/1.2.840.113619.2.278.3.717616.306.1582703665.824_1.2.840.113619.2.278.3.717616.306.1582703665.961.4202498_deeds.nii.gz,1.2.840.113619.2.278.3.717616.306.1582703665.824_1.2.840.113619.2.278.3.717616.306.1582703665.961.4202498_deeds.nii.gz,25.789187179899603,0.9158571130438411,0.012946784330782614,0.002636824844474133,0.9643691376607761,19.51081901066376,0.9097652623017913,0.04603858237458913,0.011192267951025405,0.9097590031198594,20.050992545992578,0.8899307255606999,0.04823147563677257,0.009883271944116055,0.8889793547700968,0.2634676080137512,1.064280498081848,0.0002437320973308151,0.00098458992611782,1.7282524493132927,1.078703090983063,1.0500306505808086,1,1,0.9847351908683777,18.47975819905599
l1_adv,../sample_data_reg/ncct_cect/vindr_ds/all_baseline_algorithms/B2_deeds__aligned/1.2.840.113619.2.278.3.717616.286.1587944967.557/1.2.840.113619.2.278.3.717616.286.1587944967.557_1.2.840.113619.2.278.3.717616.286.1587944967.658.4202498_deeds.nii.gz,1.2.840.113619.2.278.3.717616.286.1587944967.557_1.2.840.113619.2.278.3.717616.286.1587944967.658.4202498_deeds.nii.gz,30.605428172233857,0.9494366773646172,0.009069429481488908,0.000869875667534234,0.9883278363697088,23.917692020650033,0.962493275015212,0.030441497228702638,0.004057240928855796,0.9622362359500772,26.190434873547623,0.9679601075689372,0.024950786175867153,0.0024041220551951677,0.9677081310033516,0.3603996687642131,0.880205630818912,0.0007348881097545129,0.002712199432962832,1.5674205562429457,0.9621771074799126,1.045946744647651,1,1,0.9910565614700317,9.280509948730469
l1_adv,../sample_data_reg/ncct_cect/vindr_ds/all_baseline_algorithms/B2_deeds__aligned/1.2.840.113619.2.278.3.717616.260.1578649386.487/1.2.840.113619.2.278.3.717616.260.1578649386.487_1.2.840.113619.2.278.3.717616.260.1578649386.582.4202498_deeds.nii.gz,1.2.840.113619.2.278.3.717616.260.1578649386.487_1.2.840.113619.2.278.3.717616.260.1578649386.582.4202498_deeds.nii.gz,31.49908212876911,0.9466799762860594,0.007419805896990329,0.000708095422882349,0.9914569379208323,24.879634965941992,0.9704958306047858,0.027568727853965788,0.003251146228357006,0.9704394023148336,26.222482784539306,0.9734791431835881,0.02535152705172036,0.002386446603664586,0.9734212909823359,0.2792026956705792,0.8972727274057488,0.00044520410772582456,0.002259659774242234,1.8982282871307998,0.9616544660318094,1.0430854026023748,1,1,0.9847817420959473,14.369535173688616
l1_adv,../sample_data_reg/ncct_cect/vindr_ds/all_baseline_algorithms/B2_deeds__aligned/1.2.840.113619.2.278.3.717616.260.1578649359.241/1.2.840.113619.2.278.3.717616.260.1578649359.241_1.2.840.113619.2.278.3.717616.260.1578649359.370.4202498_deeds.nii.gz,1.2.840.113619.2.278.3.717616.260.1578649359.241_1.2.840.113619.2.278.3.717616.260.1578649359.370.4202498_deeds.nii.gz,30.033561146113147,0.9493842929297572,0.00969284868389698,0.000992302042738527,0.9873703308978148,24.07082515746564,0.9722550316902716,0.030612723499296113,0.003916674534065023,0.972404004492634,25.419728600052046,0.9690756045182595,0.028145952161377927,0.002870959988873791,0.9691816123883853,0.3409245086953138,0.8751093669383301,0.0005723089901067908,0.002181591870998612,1.6173764347513764,0.9595652663054741,1.0283729916077882,1,1,0.9909662008285522,12.255142211914062
l1_adv,../sample_data_reg/ncct_cect/vindr_ds/all_baseline_algorithms/B2_deeds__aligned/1.2.840.113619.2.278.3.717616.202.1592287869.821/1.2.840.113619.2.278.3.717616.202.1592287869.821_1.2.840.113619.2.278.3.717616.202.1592287869.941.4202498_deeds.nii.gz,1.2.840.113619.2.278.3.717616.202.1592287869.821_1.2.840.113619.2.278.3.717616.202.1592287869.941.4202498_deeds.nii.gz,31.1241727094424,0.9382216486429812,0.009980582950934798,0.0007719385486875507,0.9881109915640739,24.803295488842643,0.9643926051639986,0.03318404161881586,0.0033087994974484603,0.9642365829364423,26.79585806549738,0.9694211062091351,0.02712980713848921,0.002091289675787574,0.969441002422161,0.3650677479739467,0.8631078702955378,0.0009446798705407241,0.004021979639938178,1.510713194073088,0.9795941928753035,1.1058999822541329,1,1,0.9891220331192017,21.464559936523436
l1_adv_organ,../sample_data_reg/ncct_cect/vindr_ds/all_baseline_algorithms/B2_deeds__aligned/1.2.840.113619.2.278.3.717616.286.1587944968.878/1.2.840.113619.2.278.3.717616.286.1587944968.878_1.2.840.113619.2.278.3.717616.286.1587944968.981.4202498_deeds.nii.gz,1.2.840.113619.2.278.3.717616.286.1587944968.878_1.2.840.113619.2.278.3.717616.286.1587944968.981.4202498_deeds.nii.gz,27.750286708169032,0.9306535744541201,0.0154734027909466,0.0016786931921833111,0.9774075260974021,22.951979947258575,0.9529046135789722,0.03874715706578473,0.005067596240403631,0.9539232697474612,23.931954053633433,0.9430702715179632,0.03740792667736478,0.00404393898787374,0.9463362730003856,0.41221642573459505,0.9378607526311395,0.0008613969036440844,0.0021235264150146144,2.0081263206787354,1.0631158012040824,1.0628822134313458,1,1,0.9620050191879272,17.628636678059895
l1_adv_organ,../sample_data_reg/ncct_cect/vindr_ds/all_baseline_algorithms/B2_deeds__aligned/1.2.840.113619.2.278.3.717616.323.1577925255.997/1.2.840.113619.2.278.3.717616.323.1577925255.997_1.2.840.113619.2.278.3.717616.323.1577925256.95.4202498_deeds.nii.gz,1.2.840.113619.2.278.3.717616.323.1577925255.997_1.2.840.113619.2.278.3.717616.323.1577925256.95.4202498_deeds.nii.gz,30.99190711959772,0.948670974058885,0.008524866154059119,0.0007958098093039501,0.9888373562974188,24.852684284802375,0.9787219949075631,0.03044214672041319,0.0032713843484576516,0.9794512348161003,26.32281212275972,0.9736749165943075,0.02596367616737402,0.002331947601805496,0.9740039247749719,0.322091862414412,1.100733651213107,0.0002425666976062562,0.0009258097331595275,1.8301407299444197,1.0375855358684205,0.9997952344880501,1,1,0.9733734130859375,26.750128173828124
l1_adv_organ,../sample_data_reg/ncct_cect/vindr_ds/all_baseline_algorithms/B2_deeds__aligned/1.2.840.113619.2.278.3.717616.166.1580339223.519/1.2.840.113619.2.278.3.717616.166.1580339223.519_1.2.840.113619.2.278.3.717616.166.1580339223.616.4202498_deeds.nii.gz,1.2.840.113619.2.278.3.717616.166.1580339223.519_1.2.840.113619.2.278.3.717616.166.1580339223.616.4202498_deeds.nii.gz,31.74730500458209,0.9538178174254947,0.00828571535648788,0.0006687587841728414,0.9912844108137794,25.83468290800635,0.9747618769254235,0.02717492978529243,0.0026093462325942917,0.9746168993565616,26.937514598736485,0.9746158202606192,0.025151565620099552,0.0020241772531265924,0.9744628776120587,0.32588956636968297,0.876972230683711,0.0007866412413434492,0.002660308159743221,1.6474809142481774,0.9792772354508631,1.0735784444846759,1,1,0.9892231225967407,12.44010518391927
l1_adv_organ,../sample_data_reg/ncct_cect/vindr_ds/all_baseline_algorithms/B2_deeds__aligned/1.2.840.113619.2.278.3.717616.166.1580339223.956/1.2.840.113619.2.278.3.717616.166.1580339223.956_1.2.840.113619.2.278.3.717616.166.1580339224.53.4202498_deeds.nii.gz,1.2.840.113619.2.278.3.717616.166.1580339223.956_1.2.840.113619.2.278.3.717616.166.1580339224.53.4202498_deeds.nii.gz,28.90855914691422,0.9344782679631792,0.011149134183300373,0.0012857131485507682,0.985664779606689,24.244935234771802,0.9684569943997013,0.029760303597607948,0.003762759635333812,0.9684061529827324,24.504330805112907,0.9608045631632609,0.03078860004456759,0.003544597440014448,0.960722570906887,0.3605398557027855,0.8609808216211668,0.0011866301496004752,0.00296288143447757,1.6576296931450225,0.9446871592900589,1.0827928491622925,1,1,0.9963151812553406,10.674842834472656
l1_adv_organ,../sample_data_reg/ncct_cect/vindr_ds/all_baseline_algorithms/B2_deeds__aligned/1.2.840.113619.2.278.3.717616.286.1593493292.675/1.2.840.113619.2.278.3.717616.286.1593493292.675_1.2.840.113619.2.278.3.717616.286.1593493292.775.4202498_deeds.nii.gz,1.2.840.113619.2.278.3.717616.286.1593493292.675_1.2.840.113619.2.278.3.717616.286.1593493292.775.4202498_deeds.nii.gz,31.987408488048455,0.9490730352426744,0.008718774594677492,0.000632789335322686,0.9926687221369579,26.50095069019461,0.9806977294066205,0.02344168054396419,0.002238231126056083,0.9806053153892963,28.342442357480174,0.9811317675685922,0.020359567236229285,0.001464723887258138,0.9809571177611803,0.4253575697439112,0.8687271752535946,0.001426930530938674,0.0026925273233201047,1.5516779231092,0.9578056343164131,1.0839550307864274,1,1,0.9846388101577759,10.677989705403645
l1_adv_organ,../sample_data_reg/ncct_cect/vindr_ds/all_baseline_algorithms/B2_deeds__aligned/1.2.840.113619.2.278.3.717616.306.1582703661.35/1.2.840.113619.2.278.3.717616.306.1582703661.35_1.2.840.113619.2.278.3.717616.306.1582703661.129.4202498_deeds.nii.gz,1.2.840.113619.2.278.3.717616.306.1582703661.35_1.2.840.113619.2.278.3.717616.306.1582703661.129.4202498_deeds.nii.gz,29.232332831254325,0.9407590501922433,0.010271683928365067,0.001193346920905664,0.9841533749821711,23.506138546980328,0.9632209698199186,0.034294790412173,0.004460526720247963,0.9630479077496601,23.880932347410102,0.9525921547807437,0.03509415752701001,0.004091728087034031,0.9523365731590523,0.2882795300858457,0.919846962519017,0.0005176133291532565,0.002968383445716181,1.744992499880514,0.9491374409820111,1.0210433635077794,1,1,0.9902569055557251,18.91753387451172
l1_adv_organ,../sample_data_reg/ncct_cect/vindr_ds/all_baseline_algorithms/B2_deeds__aligned/1.2.392.200036.9116.2.5.1.37.2418751871.1526972837.526920/1.2.392.200036.9116.2.5.1.37.2418751871.1526972837.526920_1.2.392.200036.9116.2.5.1.37.2418751871.1526973364.470863_deeds.nii.gz,1.2.392.200036.9116.2.5.1.37.2418751871.1526972837.526920_1.2.392.200036.9116.2.5.1.37.2418751871.1526973364.470863_deeds.nii.gz,29.404650361637014,0.9318157301391996,0.010737517763447823,0.00114692485342376,0.989507899591504,24.37195451364164,0.9724478499176031,0.032844531576563814,0.0036543029510904767,0.9727673550010184,24.951406298808795,0.9668583442057207,0.032488743203284064,0.0031978594359039253,0.9670169877700966,0.2830902040602605,0.8779824377511657,0.0020951948430712676,0.004751722051491264,1.1744545521811407,0.9439658034658591,1.0778974756886623,1,1,0.9881961941719055,20.40644018990653
l1_adv_organ,../sample_data_reg/ncct_cect/vindr_ds/all_baseline_algorithms/B2_deeds__aligned/1.2.392.200036.9116.2.5.1.37.2418751871.1522984884.757455/1.2.392.200036.9116.2.5.1.37.2418751871.1522984884.757455_1.2.392.200036.9116.2.5.1.37.2418751871.1522985393.543093_deeds.nii.gz,1.2.392.200036.9116.2.5.1.37.2418751871.1522984884.757455_1.2.392.200036.9116.2.5.1.37.2418751871.1522985393.543093_deeds.nii.gz,29.382244447317806,0.9379173245305007,0.010077578757462626,0.0011528573036178808,0.9871530898547305,24.72682111789984,0.9727449461553257,0.02991063283075963,0.003367579741185883,0.9726608472739963,25.896855766164517,0.9717658910022209,0.02785848823979697,0.0025722573886691547,0.9716146776927784,0.2872439413280216,0.9146459609924873,0.0018703206048780625,0.0016059223696863489,1.2151008386595112,1.034706475147477,1.142109043581062,1,1,0.9985408782958984,15.001122610909599
l1_adv_organ,../sample_data_reg/ncct_cect/vindr_ds/all_baseline_algorithms/B2_deeds__aligned/1.2.840.113619.2.278.3.717616.310.1589696975.113/1.2.840.113619.2.278.3.717616.310.1589696975.113_1.2.840.113619.2.278.3.717616.310.1589696975.214.4202498_deeds.nii.gz,1.2.840.113619.2.278.3.717616.310.1589696975.113_1.2.840.113619.2.278.3.717616.310.1589696975.214.4202498_deeds.nii.gz,30.31569114943187,0.9466329157999999,0.008340313841086482,0.0009298885176943211,0.9886388692180237,23.611582823913313,0.9678170393599277,0.030722137278147044,0.004353531765262764,0.967689489816047,25.073488166176475,0.9659982013284953,0.027953072729068513,0.003109218072365056,0.9657631337337753,0.29022336311819963,0.8430384705371726,0.0009410428248974185,0.0028630887463485587,1.7260392443232182,0.9609870782618923,1.0903630767240133,1,1,0.9873630404472351,12.079256330217634
l1_adv_organ,../sample_data_reg/ncct_cect/vindr_ds/all_baseline_algorithms/B2_deeds__aligned/1.2.392.200036.9116.2.5.1.37.2418751871.1574736893.449879/1.2.392.200036.9116.2.5.1.37.2418751871.1574736893.449879_1.2.392.200036.9116.2.5.1.37.2418751871.1574737469.513228_deeds.nii.gz,1.2.392.200036.9116.2.5.1.37.2418751871.1574736893.449879_1.2.392.200036.9116.2.5.1.37.2418751871.1574737469.513228_deeds.nii.gz,27.240197916627487,0.9250105492777053,0.012959606412963207,0.0018879053115383887,0.9801277651290218,22.14279342835162,0.9559262369829055,0.03804115675512337,0.006105491868421508,0.9560705192229876,22.693080225858328,0.9461471994919921,0.03669483654241236,0.00537888150985888,0.9459175403364993,0.31846080952428396,0.9372701708417179,0.0012421686805551004,0.0008288529661839534,1.2355723117912607,1.213120446372395,1.29159591181261,1,1,0.9875413179397583,15.858209882463727
l1_adv_organ,../sample_data_reg/ncct_cect/vindr_ds/all_baseline_algorithms/B2_deeds__aligned/1.2.840.113619.2.278.3.717616.259.1592554882.977/1.2.840.113619.2.278.3.717616.259.1592554882.977_1.2.840.113619.2.278.3.717616.259.1592554883.67.4202498_deeds.nii.gz,1.2.840.113619.2.278.3.717616.259.1592554882.977_1.2.840.113619.2.278.3.717616.259.1592554883.67.4202498_deeds.nii.gz,32.43187635887115,0.9570348865504752,0.008178749313451894,0.0005712317840302802,0.99243962734754,26.461296924761694,0.9835607910395113,0.025033695153966518,0.0022587611402576646,0.9835082639705607,28.29178750025545,0.982765072523647,0.0213569906134019,0.0014819080253160794,0.9827370482773491,0.38002527931945435,0.8918846214703059,0.0008464572772841322,0.00263161070206876,1.7365679580040516,0.9708967372744408,1.060751090415887,1,1,0.9884837865829468,14.379417419433594
l1_adv_organ,../sample_data_reg/ncct_cect/vindr_ds/all_baseline_algorithms/B2_deeds__aligned/1.2.840.113619.2.278.3.717616.249.1585713660.403/1.2.840.113619.2.278.3.717616.249.1585713660.403_1.2.840.113619.2.278.3.717616.249.1585713660.663.12_deeds.nii.gz,1.2.840.113619.2.278.3.717616.249.1585713660.403_1.2.840.113619.2.278.3.717616.249.1585713660.663.12_deeds.nii.gz,28.854955593415816,0.9479548919993009,0.00935539363851646,0.0013016806251876418,0.9797587230028274,22.24230600575796,0.9456350488071672,0.039498448254227526,0.0059671835845913285,0.9459286390117841,22.61418200682009,0.9361012839197659,0.0391613248793556,0.0054774925975956045,0.9359311629637411,0.2348892779970323,0.7245655809828355,0.0014314986422523164,0.004923046814051809,1.8386949244094093,0.9752669611961933,1.2033288958328348,1,1,0.8394957780838013,18.832769775390624
l1_adv_organ,../sample_data_reg/ncct_cect/vindr_ds/all_baseline_algorithms/B2_deeds__aligned/1.2.840.113619.2.278.3.717616.306.1582703645.873/1.2.840.113619.2.278.3.717616.306.1582703645.873_1.2.840.113619.2.278.3.717616.306.1582703646.13.4202498_deeds.nii.gz,1.2.840.113619.2.278.3.717616.306.1582703645.873_1.2.840.113619.2.278.3.717616.306.1582703646.13.4202498_deeds.nii.gz,30.42006713158242,0.9506052815383815,0.007793996745216808,0.0009078064975435875,0.9864066362299222,23.91155799648855,0.9641606945098393,0.03022432166472911,0.004062975470438161,0.9639290320368601,25.01742080370154,0.9632083894057213,0.028172757614635707,0.0031496182600432377,0.9628882141256563,0.2514754137276546,0.9519626161960208,0.0003029987091141094,0.0013517766311781246,1.785328466328892,1.0169352991980047,1.0348360570003992,1,1,0.9882658123970032,12.042342122395834
l1_adv_organ,../sample_data_reg/ncct_cect/vindr_ds/all_baseline_algorithms/B2_deeds__aligned/1.2.840.113619.2.278.3.717616.286.1587944983.828/1.2.840.113619.2.278.3.717616.286.1587944983.828_1.2.840.113619.2.278.3.717616.286.1587944983.915.4202498_deeds.nii.gz,1.2.840.113619.2.278.3.717616.286.1587944983.828_1.2.840.113619.2.278.3.717616.286.1587944983.915.4202498_deeds.nii.gz,33.1321509575164,0.9643971739512006,0.006421617534982069,0.00048616635939194893,0.9929672581043013,26.998962652869988,0.983333830370355,0.02540688752190806,0.001995738956264983,0.9833590863317007,27.233649950266134,0.978412286610229,0.02563043202519653,0.0018907539004285156,0.9783635508355576,0.241579215748046,0.8743192782760824,0.0006939799102304267,0.0029627368189561886,1.9805714737938391,0.962503711352651,1.0554868035185212,1,1,0.9719131588935852,16.37790730794271
l1_adv_organ,../sample_data_reg/ncct_cect/vindr_ds/all_baseline_algorithms/B2_deeds__aligned/1.2.392.200036.9116.2.5.1.37.2418751871.1432695579.168588/1.2.392.200036.9116.2.5.1.37.2418751871.1432695579.168588_1.2.392.200036.9116.2.5.1.37.2418751871.1432696175.178596_deeds.nii.gz,1.2.392.200036.9116.2.5.1.37.2418751871.1432695579.168588_1.2.392.200036.9116.2.5.1.37.2418751871.1432696175.178596_deeds.nii.gz,29.515819060591202,0.932817532589994,0.011416269778214666,0.001117938966252155,0.9869068700787749,24.8503570551636,0.9721016307892569,0.033372745986784275,0.0032731378367324504,0.9722309402975653,25.508197907155626,0.9674279902250303,0.03200800967010574,0.002813067862920536,0.9675082614541544,0.317671122707103,0.9345691072030654,0.0007513921814841246,0.0026208655842612327,1.2626097426612446,1.0189241322659364,1.0722978824445528,1,1,0.9897369146347046,31.06719970703125
l1_adv_organ,../sample_data_reg/ncct_cect/vindr_ds/all_baseline_algorithms/B2_deeds__aligned/1.2.840.113619.2.278.3.717616.306.1582703665.824/1.2.840.113619.2.278.3.717616.306.1582703665.824_1.2.840.113619.2.278.3.717616.306.1582703665.961.4202498_deeds.nii.gz,1.2.840.113619.2.278.3.717616.306.1582703665.824_1.2.840.113619.2.278.3.717616.306.1582703665.961.4202498_deeds.nii.gz,25.83482863186883,0.9183801616203447,0.012673277241567303,0.0026092586796439125,0.9646232557629129,19.519895812566585,0.9104245789970977,0.045093663573525816,0.011168900416994112,0.9105670767460218,20.073988021898895,0.8905859044890283,0.047507599768874365,0.009831079267483878,0.8897231060394728,0.2634676080137512,1.0542778930824344,0.0002168221487156732,0.0013105370260806089,1.7383048873195972,1.071117346856603,1.0622778673199886,1,1,0.9858952760696411,18.086555989583335
l1_adv_organ,../sample_data_reg/ncct_cect/vindr_ds/all_baseline_algorithms/B2_deeds__aligned/1.2.840.113619.2.278.3.717616.286.1587944967.557/1.2.840.113619.2.278.3.717616.286.1587944967.557_1.2.840.113619.2.278.3.717616.286.1587944967.658.4202498_deeds.nii.gz,1.2.840.113619.2.278.3.717616.286.1587944967.557_1.2.840.113619.2.278.3.717616.286.1587944967.658.4202498_deeds.nii.gz,30.63621388437422,0.9493865946327985,0.008937540839986892,0.0008637312078450134,0.9884495956067403,23.983651744259635,0.9633673198740338,0.029790793984298902,0.003996085994871442,0.9631159493821294,26.235413786235565,0.9684653699862616,0.024658548521155694,0.0023793515907671392,0.9681904923234848,0.3603996687642131,0.8772447031962645,0.0008512376182206329,0.003091164494215008,1.5807150823519267,0.9595434445391708,1.054929227752268,1,1,0.9829005002975464,7.674826485770089
l1_adv_organ,../sample_data_reg/ncct_cect/vindr_ds/all_baseline_algorithms/B2_deeds__aligned/1.2.840.113619.2.278.3.717616.260.1578649386.487/1.2.840.113619.2.278.3.717616.260.1578649386.487_1.2.840.113619.2.278.3.717616.260.1578649386.582.4202498_deeds.nii.gz,1.2.840.113619.2.278.3.717616.260.1578649386.487_1.2.840.113619.2.278.3.717616.260.1578649386.582.4202498_deeds.nii.gz,31.54560718934729,0.9464114270870971,0.0073996780361835325,0.0007005502317303118,0.9916030364486168,24.942110774232546,0.9712111421558296,0.027346784818730516,0.003204711380164212,0.9710159286663445,26.240478933083363,0.973932446492581,0.025387937266020493,0.0023765781868908733,0.9737431772886583,0.2792026956705792,0.930356127301757,0.0005175898149590479,0.0024101608615426234,1.912686509540071,0.9682286476541744,1.0509808045719684,1,1,0.9937842488288879,12.034146990094866
l1_adv_organ,../sample_data_reg/ncct_cect/vindr_ds/all_baseline_algorithms/B2_deeds__aligned/1.2.840.113619.2.278.3.717616.260.1578649359.241/1.2.840.113619.2.278.3.717616.260.1578649359.241_1.2.840.113619.2.278.3.717616.260.1578649359.370.4202498_deeds.nii.gz,1.2.840.113619.2.278.3.717616.260.1578649359.241_1.2.840.113619.2.278.3.717616.260.1578649359.370.4202498_deeds.nii.gz,30.105635959119205,0.9468717907348598,0.009478881540314192,0.0009759698558211085,0.9875061140809169,24.209444021516727,0.9731560842828085,0.029356321001202723,0.0037936354752245785,0.9732438043032987,25.520863264230282,0.9697558391291609,0.027429255330688247,0.0028048760462878694,0.9697796961093098,0.3409245086953138,0.8795205538308675,0.0007507735060850487,0.002294386783636979,1.6401427210727948,0.9594181247594517,1.0439380910952052,1,1,0.9922235608100891,10.972500392368861
l1_adv_organ,../sample_data_reg/ncct_cect/vindr_ds/all_baseline_algorithms/B2_deeds__aligned/1.2.840.113619.2.278.3.717616.202.1592287869.821/1.2.840.113619.2.278.3.717616.202.1592287869.821_1.2.840.113619.2.278.3.717616.202.1592287869.941.4202498_deeds.nii.gz,1.2.840.113619.2.278.3.717616.202.1592287869.821_1.2.840.113619.2.278.3.717616.202.1592287869.941.4202498_deeds.nii.gz,30.766715360234834,0.9374156021992147,0.010500832852453975,0.0008381629587375125,0.9871840598595583,24.592123966480575,0.9629272341675428,0.03405139863318916,0.0034736623649221426,0.9626314393507366,26.441989355546735,0.9671227116702686,0.02856828342240864,0.0022688253419740237,0.967051026339353,0.3650677479739467,0.8481872079586553,0.0010543972254446375,0.004624827129294141,1.5448885194873097,0.9770843137787547,1.1151571371576485,1,1,0.9978542327880859,18.938548787434897
l1_adv_organ_s42,../sample_data_reg/ncct_cect/vindr_ds/all_baseline_algorithms/B2_deeds__aligned/1.2.840.113619.2.278.3.717616.286.1587944968.878/1.2.840.113619.2.278.3.717616.286.1587944968.878_1.2.840.113619.2.278.3.717616.286.1587944968.981.4202498_deeds.nii.gz,1.2.840.113619.2.278.3.717616.286.1587944968.878_1.2.840.113619.2.278.3.717616.286.1587944968.981.4202498_deeds.nii.gz,29.312511872511276,0.936793607192967,0.013072339125994268,0.0011715175871947878,0.9836531001671883,24.061473630729363,0.9631783142011392,0.03442203367249823,0.003925117272859108,0.9638727506847193,25.536407853439606,0.9598033502172332,0.031560028922273976,0.0027948545720529404,0.961755165612468,0.41221642573459505,0.9176564454851449,0.0008249268619743564,0.0021469788135456084,1.4138526756468348,1.0350798745281846,1.0781991619083218,1,1,0.9623416662216187,16.48279266357422
l1_adv_organ_s42,../sample_data_reg/ncct_cect/vindr_ds/all_baseline_algorithms/B2_deeds__aligned/1.2.840.113619.2.278.3.717616.323.1577925255.997/1.2.840.113619.2.278.3.717616.323.1577925255.997_1.2.840.113619.2.278.3.717616.323.1577925256.95.4202498_deeds.nii.gz,1.2.840.113619.2.278.3.717616.323.1577925255.997_1.2.840.113619.2.278.3.717616.323.1577925256.95.4202498_deeds.nii.gz,31.13839805481025,0.950959406150331,0.008267132591004946,0.0007694141952331772,0.9891730570938394,25.123989530504346,0.9799133090573195,0.02910613886894913,0.003073272337903676,0.9802726488605267,26.53107835317021,0.9751310940589873,0.0251141727487751,0.002222757911351136,0.9751688074990577,0.322091862414412,1.1077721813719748,0.0004420373081275111,0.0011754625829019298,1.5969336654751367,1.042685134866678,1.0098873954736651,1,1,0.9944723844528198,21.79322764078776
l1_adv_organ_s42,../sample_data_reg/ncct_cect/vindr_ds/all_baseline_algorithms/B2_deeds__aligned/1.2.840.113619.2.278.3.717616.166.1580339223.519/1.2.840.113619.2.278.3.717616.166.1580339223.519_1.2.840.113619.2.278.3.717616.166.1580339223.616.4202498_deeds.nii.gz,1.2.840.113619.2.278.3.717616.166.1580339223.519_1.2.840.113619.2.278.3.717616.166.1580339223.616.4202498_deeds.nii.gz,31.74113793484926,0.9556869952557118,0.008156352726357428,0.0006697091097922236,0.9913531920331683,25.693964107030723,0.9742971175414424,0.02741120288962158,0.0026952781419738113,0.9742352604812891,26.92732774464106,0.9748310686218015,0.02476471638500441,0.002028930755958387,0.9747329524601919,0.32588956636968297,0.8730182838569797,0.0008659720434989727,0.0025900372155309667,1.4127592237142097,0.978196591712858,1.087981595264403,1,1,0.9886032938957214,15.211696879069011
l1_adv_organ_s42,../sample_data_reg/ncct_cect/vindr_ds/all_baseline_algorithms/B2_deeds__aligned/1.2.840.113619.2.278.3.717616.166.1580339223.956/1.2.840.113619.2.278.3.717616.166.1580339223.956_1.2.840.113619.2.278.3.717616.166.1580339224.53.4202498_deeds.nii.gz,1.2.840.113619.2.278.3.717616.166.1580339223.956_1.2.840.113619.2.278.3.717616.166.1580339224.53.4202498_deeds.nii.gz,28.850910282469084,0.9348137838908994,0.011126364397550399,0.0013028936629484943,0.9855078710962242,24.17175240073227,0.9681323960436908,0.029795300320896455,0.0038267030271063223,0.9681015352560584,24.440336251735143,0.9604531415171266,0.030736213782249878,0.003597214827052908,0.9603369954299387,0.3605398557027855,0.8572572787648481,0.0012670990953326526,0.0030983293003036,1.4392594132647023,0.9403892606234139,1.0981524718558142,1,1,0.9883652925491333,10.468528747558594
l1_adv_organ_s42,../sample_data_reg/ncct_cect/vindr_ds/all_baseline_algorithms/B2_deeds__aligned/1.2.840.113619.2.278.3.717616.286.1593493292.675/1.2.840.113619.2.278.3.717616.286.1593493292.675_1.2.840.113619.2.278.3.717616.286.1593493292.775.4202498_deeds.nii.gz,1.2.840.113619.2.278.3.717616.286.1593493292.675_1.2.840.113619.2.278.3.717616.286.1593493292.775.4202498_deeds.nii.gz,31.91183746328186,0.9503855170038277,0.008632517434841343,0.0006438967805852923,0.9925676135382036,26.47673566626972,0.9806941817133475,0.02291236509873509,0.002250745722107175,0.9805526917714562,28.250554387780042,0.980925304219484,0.020145434917592048,0.001496044670056832,0.9807046820776475,0.4253575697439112,0.8807943309869688,0.0013871962313394806,0.002675710589289943,1.3413426169738987,0.9609750045409976,1.093406288887113,1,1,0.9712103009223938,9.15726318359375
l1_adv_organ_s42,../sample_data_reg/ncct_cect/vindr_ds/all_baseline_algorithms/B2_deeds__aligned/1.2.840.113619.2.278.3.717616.306.1582703661.35/1.2.840.113619.2.278.3.717616.306.1582703661.35_1.2.840.113619.2.278.3.717616.306.1582703661.129.4202498_deeds.nii.gz,1.2.840.113619.2.278.3.717616.306.1582703661.35_1.2.840.113619.2.278.3.717616.306.1582703661.129.4202498_deeds.nii.gz,29.42410931012489,0.9437266175758726,0.009997408159501162,0.0011417974506169558,0.9849554577080206,23.585706847275706,0.9642953269312847,0.03377491107014272,0.004379548248931152,0.9641175449455058,24.03811464642804,0.9548301316146758,0.03425147125340431,0.003946285805425401,0.9545440909046417,0.2882795300858457,0.8940571912871434,0.0007038010981697502,0.0031298587684075872,1.4250935820839716,0.9368634945679848,1.0349958838179858,1,1,0.9985079765319824,16.68271909441267
l1_adv_organ_s42,../sample_data_reg/ncct_cect/vindr_ds/all_baseline_algorithms/B2_deeds__aligned/1.2.392.200036.9116.2.5.1.37.2418751871.1526972837.526920/1.2.392.200036.9116.2.5.1.37.2418751871.1526972837.526920_1.2.392.200036.9116.2.5.1.37.2418751871.1526973364.470863_deeds.nii.gz,1.2.392.200036.9116.2.5.1.37.2418751871.1526972837.526920_1.2.392.200036.9116.2.5.1.37.2418751871.1526973364.470863_deeds.nii.gz,28.75719722196215,0.9307217206059328,0.011029243407515552,0.0013313133218111903,0.9880089730373861,24.444562258898728,0.9733236482688672,0.03220544752202574,0.0035937161729383375,0.9737193416551704,24.954994919151048,0.9674860094102014,0.032076025335940554,0.0031952181029195103,0.9676181415249786,0.2830902040602605,0.8570751412513445,0.002711538511672176,0.004916052204735376,1.0103836711612062,0.9433881120789984,1.1140823912118791,1,1,0.9970741271972656,19.315538133893693
l1_adv_organ_s42,../sample_data_reg/ncct_cect/vindr_ds/all_baseline_algorithms/B2_deeds__aligned/1.2.392.200036.9116.2.5.1.37.2418751871.1522984884.757455/1.2.392.200036.9116.2.5.1.37.2418751871.1522984884.757455_1.2.392.200036.9116.2.5.1.37.2418751871.1522985393.543093_deeds.nii.gz,1.2.392.200036.9116.2.5.1.37.2418751871.1522984884.757455_1.2.392.200036.9116.2.5.1.37.2418751871.1522985393.543093_deeds.nii.gz,28.91507345606295,0.938281317184018,0.010142363734580566,0.001283786056480975,0.9856973859460272,24.70054916047509,0.9726950467464567,0.02935869513070538,0.0033880131238658174,0.9725533385480669,25.878491813910532,0.9719597889848879,0.027387306837416504,0.002583157094779422,0.9717430972507729,0.2872439413280216,0.8947255143733827,0.0022951374117560546,0.002112358429612648,1.0586469117657213,1.0273399943575892,1.1543086133625735,1,1,0.9984963536262512,13.218944549560547
l1_adv_organ_s42,../sample_data_reg/ncct_cect/vindr_ds/all_baseline_algorithms/B2_deeds__aligned/1.2.840.113619.2.278.3.717616.310.1589696975.113/1.2.840.113619.2.278.3.717616.310.1589696975.113_1.2.840.113619.2.278.3.717616.310.1589696975.214.4202498_deeds.nii.gz,1.2.840.113619.2.278.3.717616.310.1589696975.113_1.2.840.113619.2.278.3.717616.310.1589696975.214.4202498_deeds.nii.gz,30.185539419545798,0.9470846413304419,0.00842972039890632,0.0009581776975530169,0.9883747815183741,23.462589294341598,0.9670239994481927,0.03130540530237009,0.004505480045499701,0.9669734133168476,24.93705892622636,0.9652322024215554,0.02822428520806261,0.0032084413687577585,0.9650504597846407,0.29022336311819963,0.8447104883962648,0.0009160697250360303,0.0026557068490327073,1.4976113604945778,0.9695638644983622,1.106022407075638,1,1,0.9977346658706665,13.262106214250837
l1_adv_organ_s42,../sample_data_reg/ncct_cect/vindr_ds/all_baseline_algorithms/B2_deeds__aligned/1.2.392.200036.9116.2.5.1.37.2418751871.1574736893.449879/1.2.392.200036.9116.2.5.1.37.2418751871.1574736893.449879_1.2.392.200036.9116.2.5.1.37.2418751871.1574737469.513228_deeds.nii.gz,1.2.392.200036.9116.2.5.1.37.2418751871.1574736893.449879_1.2.392.200036.9116.2.5.1.37.2418751871.1574737469.513228_deeds.nii.gz,26.921492662685292,0.9242730165939076,0.013104588309382482,0.002031658613343359,0.9785910408305635,22.081502899211376,0.9555436515070447,0.03735139922385579,0.006192267512759532,0.9556244798739854,22.65349079096525,0.9460356168974732,0.035931036293383074,0.0054281385083366305,0.945662294006589,0.31846080952428396,0.9178061733698745,0.0017059233661875855,0.0012151512914799524,1.0776390389336168,1.2110382503248507,1.3220356831183928,1,1,0.9853412508964539,13.769623347691127
l1_adv_organ_s42,../sample_data_reg/ncct_cect/vindr_ds/all_baseline_algorithms/B2_deeds__aligned/1.2.840.113619.2.278.3.717616.259.1592554882.977/1.2.840.113619.2.278.3.717616.259.1592554882.977_1.2.840.113619.2.278.3.717616.259.1592554883.67.4202498_deeds.nii.gz,1.2.840.113619.2.278.3.717616.259.1592554882.977_1.2.840.113619.2.278.3.717616.259.1592554883.67.4202498_deeds.nii.gz,32.389773575369325,0.9579089464328937,0.007978412427693812,0.0005767965345866364,0.992383341576392,26.502948260634916,0.983758312157411,0.024567274619781834,0.0022372018713823355,0.983658216516989,28.2630291665809,0.9828143822641887,0.020794148405927543,0.001491753561377728,0.9826628111461361,0.38002527931945435,0.8676869451526965,0.0009833379325612796,0.0031757196314433937,1.519011961689054,0.9641795164460042,1.0748620604305958,1,1,0.9975797533988953,14.487516276041667
l1_adv_organ_s42,../sample_data_reg/ncct_cect/vindr_ds/all_baseline_algorithms/B2_deeds__aligned/1.2.840.113619.2.278.3.717616.249.1585713660.403/1.2.840.113619.2.278.3.717616.249.1585713660.403_1.2.840.113619.2.278.3.717616.249.1585713660.663.12_deeds.nii.gz,1.2.840.113619.2.278.3.717616.249.1585713660.403_1.2.840.113619.2.278.3.717616.249.1585713660.663.12_deeds.nii.gz,28.920888887790362,0.9482283676745588,0.00916867458117995,0.0012820681498126466,0.9800521311490823,22.333285303637275,0.9468030123107314,0.03852830277536458,0.005843478757848177,0.9467678953366793,22.66498032666552,0.9373706216807376,0.03839857343442935,0.005413797003015514,0.9369194041862011,0.2348892779970323,0.7371644127856399,0.0014416395888756242,0.004704159388138293,1.5387230594359664,0.980086363692738,1.2149911342833055,1,1,0.9939153790473938,14.134429931640625
l1_adv_organ_s42,../sample_data_reg/ncct_cect/vindr_ds/all_baseline_algorithms/B2_deeds__aligned/1.2.840.113619.2.278.3.717616.306.1582703645.873/1.2.840.113619.2.278.3.717616.306.1582703645.873_1.2.840.113619.2.278.3.717616.306.1582703646.13.4202498_deeds.nii.gz,1.2.840.113619.2.278.3.717616.306.1582703645.873_1.2.840.113619.2.278.3.717616.306.1582703646.13.4202498_deeds.nii.gz,30.483763760434776,0.9524559926798241,0.007558586762389064,0.0008945891446786807,0.9868007612832229,23.83591732890504,0.9640704744182835,0.029414490759705,0.0041343597802502114,0.9638795520179675,24.991564053095917,0.9635990233176253,0.027409626310451067,0.003168426191521142,0.9633081448141901,0.2514754137276546,0.9632861163744174,0.0004697579361873426,0.001205572530100324,1.5266887507154765,1.0284134113572683,1.040967020915083,1,1,0.9875429272651672,8.681674194335937
l1_adv_organ_s42,../sample_data_reg/ncct_cect/vindr_ds/all_baseline_algorithms/B2_deeds__aligned/1.2.840.113619.2.278.3.717616.286.1587944983.828/1.2.840.113619.2.278.3.717616.286.1587944983.828_1.2.840.113619.2.278.3.717616.286.1587944983.915.4202498_deeds.nii.gz,1.2.840.113619.2.278.3.717616.286.1587944983.828_1.2.840.113619.2.278.3.717616.286.1587944983.915.4202498_deeds.nii.gz,33.18014198481751,0.9652940064511796,0.006310864025216386,0.0004808236285237376,0.9930876903763354,27.171260184258834,0.9840310358569395,0.02451617136423082,0.0019181120848792879,0.9839223463697683,27.320637608214398,0.9791326405219758,0.025086247782473276,0.0018532595176691887,0.9789490252853096,0.241579215748046,0.8781585058727168,0.0005842217138695208,0.00268960701440867,1.6873583525490385,0.973200197582067,1.061419416140681,1,1,0.997631847858429,14.22163798014323
l1_adv_organ_s42,../sample_data_reg/ncct_cect/vindr_ds/all_baseline_algorithms/B2_deeds__aligned/1.2.392.200036.9116.2.5.1.37.2418751871.1432695579.168588/1.2.392.200036.9116.2.5.1.37.2418751871.1432695579.168588_1.2.392.200036.9116.2.5.1.37.2418751871.1432696175.178596_deeds.nii.gz,1.2.392.200036.9116.2.5.1.37.2418751871.1432695579.168588_1.2.392.200036.9116.2.5.1.37.2418751871.1432696175.178596_deeds.nii.gz,30.165395310013462,0.9385655430832968,0.010347168792062761,0.0009626323868216794,0.9886760543515705,25.240125737976978,0.9746430533317912,0.031041862228031566,0.00299217800510095,0.974681236250771,26.116176224949005,0.9717821843476747,0.029097564406288506,0.0024455828349571607,0.9716757134034432,0.317671122707103,0.8904739759815707,0.0011763584771437002,0.0035063074294725692,1.008286771212331,0.9945258575037838,1.083614314663951,1,1,0.9847944378852844,30.434912109375
l1_adv_organ_s42,../sample_data_reg/ncct_cect/vindr_ds/all_baseline_algorithms/B2_deeds__aligned/1.2.840.113619.2.278.3.717616.306.1582703665.824/1.2.840.113619.2.278.3.717616.306.1582703665.824_1.2.840.113619.2.278.3.717616.306.1582703665.961.4202498_deeds.nii.gz,1.2.840.113619.2.278.3.717616.306.1582703665.824_1.2.840.113619.2.278.3.717616.306.1582703665.961.4202498_deeds.nii.gz,25.804183415672796,0.9194872724625837,0.012699972103875629,0.00262773556128807,0.964575630458501,19.50393093142568,0.9103741799713186,0.045341195946439955,0.011210033407525048,0.9101029610097975,20.0503033794349,0.8912054464643407,0.047570717767039736,0.009884840410039751,0.8901544751233292,0.2634676080137512,1.0714863647856194,0.00032148225407470046,0.0010657880839779889,1.4925920364470582,1.0873870055607024,1.0737180124139265,1,1,0.9880374073982239,14.676075998942057
l1_adv_organ_s42,../sample_data_reg/ncct_cect/vindr_ds/all_baseline_algorithms/B2_deeds__aligned/1.2.840.113619.2.278.3.717616.286.1587944967.557/1.2.840.113619.2.278.3.717616.286.1587944967.557_1.2.840.113619.2.278.3.717616.286.1587944967.658.4202498_deeds.nii.gz,1.2.840.113619.2.278.3.717616.286.1587944967.557_1.2.840.113619.2.278.3.717616.286.1587944967.658.4202498_deeds.nii.gz,30.68599625964579,0.9517109014443458,0.008743899142493879,0.0008538869456232792,0.9886412493459642,23.952554424817656,0.9633946275991426,0.02976492089081606,0.004024802346522654,0.9632232570969189,26.266892655200284,0.9689842993030441,0.02413277168587545,0.002362167742188625,0.968711782995879,0.3603996687642131,0.8622441297447255,0.0009199035253710028,0.003221181653131571,1.3514956365400712,0.9585929353710712,1.067921909992366,1,1,0.9734491109848022,8.328748975481306
l1_adv_organ_s42,../sample_data_reg/ncct_cect/vindr_ds/all_baseline_algorithms/B2_deeds__aligned/1.2.840.113619.2.278.3.717616.260.1578649386.487/1.2.840.113619.2.278.3.717616.260.1578649386.487_1.2.840.113619.2.278.3.717616.260.1578649386.582.4202498_deeds.nii.gz,1.2.840.113619.2.278.3.717616.260.1578649386.487_1.2.840.113619.2.278.3.717616.260.1578649386.582.4202498_deeds.nii.gz,31.423901414313853,0.9476925285297696,0.007437848417343452,0.0007204599748102305,0.9914557793686394,24.822373105451465,0.9706637824760247,0.0274126501837839,0.0032942965349174393,0.9704750680144112,26.14838047636041,0.9736927100503481,0.02545674694794366,0.00242751516881129,0.973503702186895,0.2792026956705792,0.9157217179658609,0.0005684401434381523,0.0022728532779384266,1.6511752548109269,0.970664424673021,1.0683887174482893,1,1,0.9920144081115723,10.804022107805524
l1_adv_organ_s42,../sample_data_reg/ncct_cect/vindr_ds/all_baseline_algorithms/B2_deeds__aligned/1.2.840.113619.2.278.3.717616.260.1578649359.241/1.2.840.113619.2.278.3.717616.260.1578649359.241_1.2.840.113619.2.278.3.717616.260.1578649359.370.4202498_deeds.nii.gz,1.2.840.113619.2.278.3.717616.260.1578649359.241_1.2.840.113619.2.278.3.717616.260.1578649359.370.4202498_deeds.nii.gz,29.96369971138983,0.9477788034717345,0.009733032882717978,0.0010083934797176597,0.9873304652439185,24.016792407446815,0.9723088086476986,0.030567519733579813,0.003965708236049061,0.9726549167651036,25.364191875487734,0.9690703494993116,0.028183503976900223,0.00290790900567477,0.9693075655602899,0.3409245086953138,0.8794924300219112,0.0006948041349275019,0.0021844061238107614,1.4481989623179419,0.9670898540426918,1.0532064164469803,1,1,0.987920880317688,11.146206992013115
l1_adv_organ_s42,../sample_data_reg/ncct_cect/vindr_ds/all_baseline_algorithms/B2_deeds__aligned/1.2.840.113619.2.278.3.717616.202.1592287869.821/1.2.840.113619.2.278.3.717616.202.1592287869.821_1.2.840.113619.2.278.3.717616.202.1592287869.941.4202498_deeds.nii.gz,1.2.840.113619.2.278.3.717616.202.1592287869.821_1.2.840.113619.2.278.3.717616.202.1592287869.941.4202498_deeds.nii.gz,31.323623528749312,0.9406506805332501,0.009615671683390545,0.0007372888177381568,0.9887213136926867,24.909466853085647,0.965681837673663,0.032596350563644357,0.0032288904811893218,0.9653550124948467,27.00554782712423,0.9713873623019624,0.026136339453290976,0.0019927151255238777,0.9711057659897558,0.3650677479739467,0.8383624493806042,0.001297625997795138,0.004779347273856589,1.2813772850331162,0.9598542932680201,1.12574827406613,1,1,0.9983676671981812,15.143987019856771
l1_adv_organ_s43,../sample_data_reg/ncct_cect/vindr_ds/all_baseline_algorithms/B2_deeds__aligned/1.2.840.113619.2.278.3.717616.286.1587944968.878/1.2.840.113619.2.278.3.717616.286.1587944968.878_1.2.840.113619.2.278.3.717616.286.1587944968.981.4202498_deeds.nii.gz,1.2.840.113619.2.278.3.717616.286.1587944968.878_1.2.840.113619.2.278.3.717616.286.1587944968.981.4202498_deeds.nii.gz,27.86116080437764,0.9325735077826024,0.014023991075017643,0.0016363790832467507,0.9765844822775189,23.012641811215637,0.9526741605198495,0.03570950341796858,0.00499730456707895,0.9532655134775463,24.060461720033395,0.9427794673561817,0.03386480194835897,0.0039260319358533505,0.9447048158130152,0.41221642573459505,0.9960651077279185,0.001070491905908261,0.003069559579481673,1.443842662666171,1.072079727553818,1.071649472541603,1,1,0.9667512774467468,15.356483459472656
l1_adv_organ_s43,../sample_data_reg/ncct_cect/vindr_ds/all_baseline_algorithms/B2_deeds__aligned/1.2.840.113619.2.278.3.717616.323.1577925255.997/1.2.840.113619.2.278.3.717616.323.1577925255.997_1.2.840.113619.2.278.3.717616.323.1577925256.95.4202498_deeds.nii.gz,1.2.840.113619.2.278.3.717616.323.1577925255.997_1.2.840.113619.2.278.3.717616.323.1577925256.95.4202498_deeds.nii.gz,30.950902562618595,0.9482329500939201,0.008554925034818806,0.0008033591485498759,0.9887698535177396,24.98351640980275,0.9794633004219606,0.029749441007575164,0.003174302849912119,0.9800743619241163,26.33629745269577,0.9741553712037098,0.025983683688401062,0.002324717873763701,0.9743457555174541,0.322091862414412,1.1543420315466346,0.000552438955283864,0.001660199707348453,1.5764587750426768,1.052646047872693,1.002224941756533,1,1,0.9970080256462097,21.435217793782552
l1_adv_organ_s43,../sample_data_reg/ncct_cect/vindr_ds/all_baseline_algorithms/B2_deeds__aligned/1.2.840.113619.2.278.3.717616.166.1580339223.519/1.2.840.113619.2.278.3.717616.166.1580339223.519_1.2.840.113619.2.278.3.717616.166.1580339223.616.4202498_deeds.nii.gz,1.2.840.113619.2.278.3.717616.166.1580339223.519_1.2.840.113619.2.278.3.717616.166.1580339223.616.4202498_deeds.nii.gz,31.775998315175688,0.9547518910712576,0.007988720538700303,0.000664354939709222,0.9912403673188702,25.784904984537217,0.9745325150937912,0.026448826692748367,0.002639426067411172,0.9743543022178781,26.959011001442043,0.9747246540724662,0.02424231618403231,0.0020141828781077304,0.9744860780751013,0.32588956636968297,0.9294961957779405,0.0007737582660922799,0.002453290844823678,1.398137045160336,0.9855058609868688,1.0798654513509394,1,1,0.9975879788398743,14.278333028157553
l1_adv_organ_s43,../sample_data_reg/ncct_cect/vindr_ds/all_baseline_algorithms/B2_deeds__aligned/1.2.840.113619.2.278.3.717616.166.1580339223.956/1.2.840.113619.2.278.3.717616.166.1580339223.956_1.2.840.113619.2.278.3.717616.166.1580339224.53.4202498_deeds.nii.gz,1.2.840.113619.2.278.3.717616.166.1580339223.956_1.2.840.113619.2.278.3.717616.166.1580339224.53.4202498_deeds.nii.gz,28.88081753741815,0.93457657962128,0.010866240407005852,0.001293952238551374,0.9855065507514471,24.17334853159201,0.9680839899054239,0.029224641840834262,0.0038252968852405763,0.968012855622918,24.46968359063764,0.9605907158234177,0.03000601348152857,0.0035729886855150788,0.9603953903815804,0.3605398557027855,0.9048750165465208,0.0012063688148587284,0.0033381704195143288,1.4241742721075905,0.9476919375231304,1.0925257103324624,1,1,0.9976202249526978,12.073639424641927
l1_adv_organ_s43,../sample_data_reg/ncct_cect/vindr_ds/all_baseline_algorithms/B2_deeds__aligned/1.2.840.113619.2.278.3.717616.286.1593493292.675/1.2.840.113619.2.278.3.717616.286.1593493292.675_1.2.840.113619.2.278.3.717616.286.1593493292.775.4202498_deeds.nii.gz,1.2.840.113619.2.278.3.717616.286.1593493292.675_1.2.840.113619.2.278.3.717616.286.1593493292.775.4202498_deeds.nii.gz,32.02308523188178,0.9505920528641697,0.008488866810547332,0.0006276123440371747,0.9927388353471707,26.492003193258768,0.9807606532945292,0.022417786104445305,0.002242847166759219,0.9806204086204491,28.36273786567746,0.9814417539623703,0.01980556076038398,0.0014578948889801613,0.981239132139759,0.4253575697439112,0.9267388806006117,0.0012267507081166569,0.0029006006515997344,1.324071430649144,0.9692317799554473,1.0857179531018346,1,1,0.975477397441864,9.20601094563802
l1_adv_organ_s43,../sample_data_reg/ncct_cect/vindr_ds/all_baseline_algorithms/B2_deeds__aligned/1.2.840.113619.2.278.3.717616.306.1582703661.35/1.2.840.113619.2.278.3.717616.306.1582703661.35_1.2.840.113619.2.278.3.717616.306.1582703661.129.4202498_deeds.nii.gz,1.2.840.113619.2.278.3.717616.306.1582703661.35_1.2.840.113619.2.278.3.717616.306.1582703661.129.4202498_deeds.nii.gz,29.351692432329287,0.9423516146344116,0.009905493197126755,0.0011609960890429781,0.9844770801612304,23.636442049908833,0.9645637169231208,0.03283696159488584,0.004328683124332691,0.9643201637064279,24.154931061584296,0.95564587662937,0.03298527396565784,0.0038415535708066976,0.955229522520729,0.2882795300858457,0.952488348210412,0.0005524959958578586,0.0027952053858308653,1.4179482903106086,0.9502152945099335,1.0278359582087317,1,1,0.9985512495040894,16.699122292654856
l1_adv_organ_s43,../sample_data_reg/ncct_cect/vindr_ds/all_baseline_algorithms/B2_deeds__aligned/1.2.392.200036.9116.2.5.1.37.2418751871.1526972837.526920/1.2.392.200036.9116.2.5.1.37.2418751871.1526972837.526920_1.2.392.200036.9116.2.5.1.37.2418751871.1526973364.470863_deeds.nii.gz,1.2.392.200036.9116.2.5.1.37.2418751871.1526972837.526920_1.2.392.200036.9116.2.5.1.37.2418751871.1526973364.470863_deeds.nii.gz,29.78637770194573,0.9354580140604553,0.010224442550273225,0.0010504181803719624,0.990466512867093,24.48166026197509,0.9736123460717363,0.03209285159366422,0.0035631489196290655,0.9739586183754042,24.99019430435571,0.9678151236917155,0.03181661803407727,0.003169425659034278,0.9679066077406351,0.2830902040602605,0.9051363679677584,0.002135251451220907,0.005563362990493874,0.9914987676993983,0.9296521089079928,1.0617347722646377,1,1,0.9979501962661743,18.074546269008092
l1_adv_organ_s43,../sample_data_reg/ncct_cect/vindr_ds/all_baseline_algorithms/B2_deeds__aligned/1.2.392.200036.9116.2.5.1.37.2418751871.1522984884.757455/1.2.392.200036.9116.2.5.1.37.2418751871.1522984884.757455_1.2.392.200036.9116.2.5.1.37.2418751871.1522985393.543093_deeds.nii.gz,1.2.392.200036.9116.2.5.1.37.2418751871.1522984884.757455_1.2.392.200036.9116.2.5.1.37.2418751871.1522985393.543093_deeds.nii.gz,30.199167965796487,0.9426388709444045,0.009316923716251172,0.0009551755638505955,0.9893664259893712,24.6755464442502,0.9726499696562468,0.02879915833092075,0.0034075744682925137,0.9724919585056869,25.88492247957417,0.9722032079169427,0.027377800535940893,0.002579335004469835,0.9720218993607068,0.2872439413280216,0.9552176330176052,0.0015071439243479019,0.0025571653740273158,1.0452317210995814,1.0365871546079533,1.1217688084120883,1,1,0.9986065030097961,11.885958535330635
l1_adv_organ_s43,../sample_data_reg/ncct_cect/vindr_ds/all_baseline_algorithms/B2_deeds__aligned/1.2.840.113619.2.278.3.717616.310.1589696975.113/1.2.840.113619.2.278.3.717616.310.1589696975.113_1.2.840.113619.2.278.3.717616.310.1589696975.214.4202498_deeds.nii.gz,1.2.840.113619.2.278.3.717616.310.1589696975.113_1.2.840.113619.2.278.3.717616.310.1589696975.214.4202498_deeds.nii.gz,30.19025346664634,0.9471017731739204,0.008229399593005898,0.0009571382083489654,0.9883035894028996,23.44969697789437,0.9668309520226215,0.03036084124718837,0.004518874730086706,0.9667147260775398,24.942630031344912,0.9651679827872477,0.027520395069634822,0.0032043282369814924,0.9649313877310867,0.29022336311819963,0.8838569372559014,0.0008808254048157877,0.0028482395756418144,1.4909283518420817,0.9709279155188585,1.0997136374339365,1,1,0.9985318183898926,10.288594382149833
l1_adv_organ_s43,../sample_data_reg/ncct_cect/vindr_ds/all_baseline_algorithms/B2_deeds__aligned/1.2.392.200036.9116.2.5.1.37.2418751871.1574736893.449879/1.2.392.200036.9116.2.5.1.37.2418751871.1574736893.449879_1.2.392.200036.9116.2.5.1.37.2418751871.1574737469.513228_deeds.nii.gz,1.2.392.200036.9116.2.5.1.37.2418751871.1574736893.449879_1.2.392.200036.9116.2.5.1.37.2418751871.1574737469.513228_deeds.nii.gz,27.25346154089231,0.9265196199918802,0.01246673825942164,0.001882148326574205,0.9802176776311912,22.082022630187346,0.9556539203651857,0.03671690668350168,0.006191526513090435,0.955692705287628,22.605713062560746,0.9455361015844707,0.03575853377375292,0.005488184384109702,0.9451340420325297,0.31846080952428396,0.9796377195776782,0.0008377437149951017,0.001726503437626767,1.0414795473843452,1.219160014684293,1.2760852165328893,1,1,0.9937933683395386,12.635998317173549
l1_adv_organ_s43,../sample_data_reg/ncct_cect/vindr_ds/all_baseline_algorithms/B2_deeds__aligned/1.2.840.113619.2.278.3.717616.259.1592554882.977/1.2.840.113619.2.278.3.717616.259.1592554882.977_1.2.840.113619.2.278.3.717616.259.1592554883.67.4202498_deeds.nii.gz,1.2.840.113619.2.278.3.717616.259.1592554882.977_1.2.840.113619.2.278.3.717616.259.1592554883.67.4202498_deeds.nii.gz,32.29257659719999,0.9562113587857834,0.00806823189286878,0.0005898510275009049,0.9921766067121953,26.46660857452435,0.9836434415633104,0.02459224167755937,0.002256000245375,0.983577410671534,28.161308567262285,0.9823949350993826,0.02102614040363142,0.00152710585855748,0.9822258559569885,0.38002527931945435,0.9165525325229934,0.0007662774896946451,0.003224970386089503,1.514945493756084,0.9803969131894984,1.0681513825520117,1,1,0.9965282678604126,13.424178059895834
l1_adv_organ_s43,../sample_data_reg/ncct_cect/vindr_ds/all_baseline_algorithms/B2_deeds__aligned/1.2.840.113619.2.278.3.717616.249.1585713660.403/1.2.840.113619.2.278.3.717616.249.1585713660.403_1.2.840.113619.2.278.3.717616.249.1585713660.663.12_deeds.nii.gz,1.2.840.113619.2.278.3.717616.249.1585713660.403_1.2.840.113619.2.278.3.717616.249.1585713660.663.12_deeds.nii.gz,28.917095291607808,0.9489894562642768,0.009232220866301944,0.001283188535605676,0.9800488594328546,22.355512375709242,0.9472467435209452,0.0384998319712904,0.005813648394971911,0.9473193305595288,22.665949227608735,0.9375037908124415,0.03863152793879264,0.005412589332146398,0.9371784140494451,0.2348892779970323,0.7839158183726661,0.0014032339732145316,0.005014674810903581,1.5496634670892497,0.9803471731294742,1.2060970413368683,1,1,0.9927693605422974,14.377171325683594
l1_adv_organ_s43,../sample_data_reg/ncct_cect/vindr_ds/all_baseline_algorithms/B2_deeds__aligned/1.2.840.113619.2.278.3.717616.306.1582703645.873/1.2.840.113619.2.278.3.717616.306.1582703645.873_1.2.840.113619.2.278.3.717616.306.1582703646.13.4202498_deeds.nii.gz,1.2.840.113619.2.278.3.717616.306.1582703645.873_1.2.840.113619.2.278.3.717616.306.1582703646.13.4202498_deeds.nii.gz,30.458508353434645,0.9522502669892877,0.007588147568891983,0.0008998065799122271,0.9865853240927379,23.828288505532957,0.9638542909599936,0.02925015382807739,0.004141628585158553,0.9635847384946982,24.915643026701023,0.9627918927663446,0.027648284971424165,0.003224301886194678,0.962422289447281,0.2514754137276546,1.0231775181703713,0.0006221049617464422,0.0017848551815652868,1.5140505868188416,1.034074463513976,1.0303437825736221,1,1,0.9864802360534668,7.586537679036458
l1_adv_organ_s43,../sample_data_reg/ncct_cect/vindr_ds/all_baseline_algorithms/B2_deeds__aligned/1.2.840.113619.2.278.3.717616.286.1587944983.828/1.2.840.113619.2.278.3.717616.286.1587944983.828_1.2.840.113619.2.278.3.717616.286.1587944983.915.4202498_deeds.nii.gz,1.2.840.113619.2.278.3.717616.286.1587944983.828_1.2.840.113619.2.278.3.717616.286.1587944983.915.4202498_deeds.nii.gz,33.19791315789507,0.9648190399342431,0.006206617566076352,0.00047886013564204323,0.9930806021997702,27.139383200092915,0.9839654236848969,0.024152507500077247,0.0019322427212638896,0.9838812236860675,27.368643087233956,0.9793261825724131,0.024564462829114585,0.001832887001435518,0.9791355223831792,0.241579215748046,0.926960544792133,0.0005873652415613719,0.0027211649120328007,1.6893136792229784,0.9777630464718404,1.0604407818747654,1,1,0.9984815716743469,13.640570068359375
l1_adv_organ_s43,../sample_data_reg/ncct_cect/vindr_ds/all_baseline_algorithms/B2_deeds__aligned/1.2.392.200036.9116.2.5.1.37.2418751871.1432695579.168588/1.2.392.200036.9116.2.5.1.37.2418751871.1432695579.168588_1.2.392.200036.9116.2.5.1.37.2418751871.1432696175.178596_deeds.nii.gz,1.2.392.200036.9116.2.5.1.37.2418751871.1432695579.168588_1.2.392.200036.9116.2.5.1.37.2418751871.1432696175.178596_deeds.nii.gz,30.253686225848362,0.9382916276419705,0.010141103397203461,0.0009432599116703297,0.9889016247618466,25.433996653190754,0.9759823414430732,0.029613134671086918,0.0028615433841752713,0.9761039641155649,26.220913497494,0.9724968862765835,0.028269476912968845,0.0023873090821424207,0.9724363741500195,0.317671122707103,0.9409009419702627,0.000901121095642992,0.003708004199565789,0.994369951508167,0.9976334060281183,1.0598524394021132,1,1,0.9883812069892883,27.676501973470053
l1_adv_organ_s43,../sample_data_reg/ncct_cect/vindr_ds/all_baseline_algorithms/B2_deeds__aligned/1.2.840.113619.2.278.3.717616.306.1582703665.824/1.2.840.113619.2.278.3.717616.306.1582703665.824_1.2.840.113619.2.278.3.717616.306.1582703665.961.4202498_deeds.nii.gz,1.2.840.113619.2.278.3.717616.306.1582703665.824_1.2.840.113619.2.278.3.717616.306.1582703665.961.4202498_deeds.nii.gz,25.774339473825467,0.9194250065873214,0.012699556682650342,0.0026458550769116623,0.9642004426872532,19.46761722413749,0.9098083004292904,0.045248899946955023,0.0113041595227056,0.9097109789081725,20.015918756551756,0.8902519153357277,0.04758364558586879,0.009963412803317147,0.8892669318005969,0.2634676080137512,1.1237108747959559,0.00043189515215816883,0.0017691757802714718,1.4882991811537283,1.088585487133917,1.0689894640620634,1,1,0.9880733489990234,14.888656361897786
l1_adv_organ_s43,../sample_data_reg/ncct_cect/vindr_ds/all_baseline_algorithms/B2_deeds__aligned/1.2.840.113619.2.278.3.717616.286.1587944967.557/1.2.840.113619.2.278.3.717616.286.1587944967.557_1.2.840.113619.2.278.3.717616.286.1587944967.658.4202498_deeds.nii.gz,1.2.840.113619.2.278.3.717616.286.1587944967.557_1.2.840.113619.2.278.3.717616.286.1587944967.658.4202498_deeds.nii.gz,30.67327875691463,0.9505684928254555,0.008722735044880907,0.0008563910586795754,0.9884429357096509,23.970003501862863,0.9633205117645766,0.029474760016749077,0.004008663943950805,0.9630516222913722,26.254817536880722,0.9687107715136736,0.024062236570725662,0.0023687446493871256,0.9683457639273882,0.3603996687642131,0.9280716854224478,0.0007710946009964833,0.003003563633536957,1.3522667155174728,0.968860981650697,1.0604433008851242,1,1,0.9955825805664062,6.507460457938058
l1_adv_organ_s43,../sample_data_reg/ncct_cect/vindr_ds/all_baseline_algorithms/B2_deeds__aligned/1.2.840.113619.2.278.3.717616.260.1578649386.487/1.2.840.113619.2.278.3.717616.260.1578649386.487_1.2.840.113619.2.278.3.717616.260.1578649386.582.4202498_deeds.nii.gz,1.2.840.113619.2.278.3.717616.260.1578649386.487_1.2.840.113619.2.278.3.717616.260.1578649386.582.4202498_deeds.nii.gz,31.45494900806341,0.9473309190760546,0.007228948723265102,0.0007153277929237783,0.9914045297976649,24.84635066274167,0.9707978353966745,0.02649865330886135,0.0032761587190280497,0.9705622080394416,26.165048197474118,0.9736579490121512,0.024717106490000605,0.002418216500708478,0.9733980956838535,0.2792026956705792,0.9739078046206087,0.000568320687473871,0.0027587157662299056,1.6512665210961015,0.9747091228777984,1.0566652959474367,1,1,0.9967323541641235,9.840997423444476
l1_adv_organ_s43,../sample_data_reg/ncct_cect/vindr_ds/all_baseline_algorithms/B2_deeds__aligned/1.2.840.113619.2.278.3.717616.260.1578649359.241/1.2.840.113619.2.278.3.717616.260.1578649359.241_1.2.840.113619.2.278.3.717616.260.1578649359.370.4202498_deeds.nii.gz,1.2.840.113619.2.278.3.717616.260.1578649359.241_1.2.840.113619.2.278.3.717616.260.1578649359.370.4202498_deeds.nii.gz,30.03841595651474,0.9476066787858058,0.009349907442169509,0.0009911934063482175,0.9874217463698713,24.085268390849688,0.9726702349665568,0.029128562812610014,0.0039036705736031608,0.9729223741913828,25.436503758846776,0.9694599767766235,0.027043203718520644,0.0028598919422312963,0.9695896612925871,0.3409245086953138,0.9244971703103905,0.0006019199001480259,0.002132163939038913,1.4312074488773805,0.9743707256417089,1.0473089431596019,1,1,0.9910567402839661,12.489930834089007
l1_adv_organ_s43,../sample_data_reg/ncct_cect/vindr_ds/all_baseline_algorithms/B2_deeds__aligned/1.2.840.113619.2.278.3.717616.202.1592287869.821/1.2.840.113619.2.278.3.717616.202.1592287869.821_1.2.840.113619.2.278.3.717616.202.1592287869.941.4202498_deeds.nii.gz,1.2.840.113619.2.278.3.717616.202.1592287869.821_1.2.840.113619.2.278.3.717616.202.1592287869.941.4202498_deeds.nii.gz,31.272702924679166,0.9394394292642252,0.0095404843466016,0.0007459843345828089,0.9884662352473521,24.84683725395133,0.9655422290118948,0.03251814359573424,0.0032757916729802194,0.9653183873863095,26.946703080803577,0.9708827648500862,0.02592841671844398,0.0020198991755283452,0.970544508433275,0.3650677479739467,0.8927398643260476,0.0011510775630183953,0.004757245351943327,1.274107114678113,0.9734164383957233,1.1161618104957123,1,1,0.9985787272453308,15.637178039550781
l1_adv_organ_s44,../sample_data_reg/ncct_cect/vindr_ds/all_baseline_algorithms/B2_deeds__aligned/1.2.840.113619.2.278.3.717616.286.1587944968.878/1.2.840.113619.2.278.3.717616.286.1587944968.878_1.2.840.113619.2.278.3.717616.286.1587944968.981.4202498_deeds.nii.gz,1.2.840.113619.2.278.3.717616.286.1587944968.878_1.2.840.113619.2.278.3.717616.286.1587944968.981.4202498_deeds.nii.gz,28.776653512126508,0.9348532370679505,0.013326614204153753,0.001325362409514977,0.9811668581256356,23.601656275780428,0.958698390592297,0.034727143155647004,0.004363493892425412,0.9592706983457442,24.999102684701214,0.9540154617153984,0.032150352852642436,0.003162931100035204,0.9558142119010143,0.41221642573459505,0.9472508828896273,0.0009485201910444134,0.0025773449498458557,1.4239603925285547,1.0599577398362443,1.0720934931797588,1,1,0.9519823789596558,14.989498901367188
l1_adv_organ_s44,../sample_data_reg/ncct_cect/vindr_ds/all_baseline_algorithms/B2_deeds__aligned/1.2.840.113619.2.278.3.717616.323.1577925255.997/1.2.840.113619.2.278.3.717616.323.1577925255.997_1.2.840.113619.2.278.3.717616.323.1577925256.95.4202498_deeds.nii.gz,1.2.840.113619.2.278.3.717616.323.1577925255.997_1.2.840.113619.2.278.3.717616.323.1577925256.95.4202498_deeds.nii.gz,30.91143229137202,0.9473521242025296,0.008472343854906162,0.0008106936492035993,0.9885806383843683,25.008953307551735,0.9794089886679703,0.02958731975818683,0.0031557651021808,0.9796260761196492,26.389586795400938,0.9744284650128627,0.02560995906855242,0.0022963671229854635,0.9743500916190142,0.322091862414412,1.1084997828098506,0.000509351956591117,0.001193512372747242,1.5875431357502858,1.055848748245791,1.006834627064102,1,1,0.9958814382553101,20.901021830240886
l1_adv_organ_s44,../sample_data_reg/ncct_cect/vindr_ds/all_baseline_algorithms/B2_deeds__aligned/1.2.840.113619.2.278.3.717616.166.1580339223.519/1.2.840.113619.2.278.3.717616.166.1580339223.519_1.2.840.113619.2.278.3.717616.166.1580339223.616.4202498_deeds.nii.gz,1.2.840.113619.2.278.3.717616.166.1580339223.519_1.2.840.113619.2.278.3.717616.166.1580339223.616.4202498_deeds.nii.gz,31.686301357916896,0.9559026163816864,0.008171892767317472,0.0006782188626232319,0.991303233428484,25.662359833358508,0.9742888749454803,0.027463234699400624,0.0027149636335304108,0.974289936299551,26.868295747303698,0.9746266511331848,0.024834875263696377,0.002056697524185476,0.9745948077200812,0.32588956636968297,0.877313200125736,0.0007148915884141223,0.002645963282380622,1.4032823175900888,0.9894538717355608,1.088128983471027,1,1,0.9864473342895508,15.560151672363281
l1_adv_organ_s44,../sample_data_reg/ncct_cect/vindr_ds/all_baseline_algorithms/B2_deeds__aligned/1.2.840.113619.2.278.3.717616.166.1580339223.956/1.2.840.113619.2.278.3.717616.166.1580339223.956_1.2.840.113619.2.278.3.717616.166.1580339224.53.4202498_deeds.nii.gz,1.2.840.113619.2.278.3.717616.166.1580339223.956_1.2.840.113619.2.278.3.717616.166.1580339224.53.4202498_deeds.nii.gz,28.82964341335365,0.935737477830049,0.01115877827343153,0.0013092894205561736,0.9855845081244298,24.14574252373953,0.9682693003572949,0.030012985834371175,0.003849689899759172,0.9683103776722838,24.418571438329685,0.9605771934144935,0.03082105367076541,0.00361528763805234,0.960571465519331,0.3605398557027855,0.8686890808322333,0.001107877176769497,0.003270495264684896,1.4268694888356122,0.953764176553824,1.09864518693283,1,1,0.9973108172416687,12.29734598795573
l1_adv_organ_s44,../sample_data_reg/ncct_cect/vindr_ds/all_baseline_algorithms/B2_deeds__aligned/1.2.840.113619.2.278.3.717616.286.1593493292.675/1.2.840.113619.2.278.3.717616.286.1593493292.675_1.2.840.113619.2.278.3.717616.286.1593493292.775.4202498_deeds.nii.gz,1.2.840.113619.2.278.3.717616.286.1593493292.675_1.2.840.113619.2.278.3.717616.286.1593493292.775.4202498_deeds.nii.gz,31.98522023184783,0.9518367707308254,0.008611466616544527,0.0006331082558144243,0.99273946265161,26.39422541177684,0.9804501099905802,0.023249864643878945,0.0022939157265184614,0.9803132881869934,28.328148299767673,0.9813897969367213,0.020097625574507665,0.0014695527168897197,0.9812057762703561,0.4253575697439112,0.8880641231110538,0.0011421842882885828,0.002813100757124378,1.3331866996955624,0.9742990410855268,1.091603942937394,1,1,0.987866997718811,7.939057413736979
l1_adv_organ_s44,../sample_data_reg/ncct_cect/vindr_ds/all_baseline_algorithms/B2_deeds__aligned/1.2.840.113619.2.278.3.717616.306.1582703661.35/1.2.840.113619.2.278.3.717616.306.1582703661.35_1.2.840.113619.2.278.3.717616.306.1582703661.129.4202498_deeds.nii.gz,1.2.840.113619.2.278.3.717616.306.1582703661.35_1.2.840.113619.2.278.3.717616.306.1582703661.129.4202498_deeds.nii.gz,29.303777766094115,0.9409370169126992,0.010160370106306632,0.0011738759996461165,0.9846021011317446,23.46470286730314,0.9634577446731998,0.03402297612164549,0.004503287905284344,0.9632883118053823,23.95521591907073,0.9541361414091936,0.034339719110093994,0.00402233657569004,0.9538800509483548,0.2882795300858457,0.9157211610606523,0.0005869853302795673,0.002955225599095889,1.4197200478940646,0.9544053708504114,1.0365454980452653,1,1,0.9986292123794556,16.505120958600724
l1_adv_organ_s44,../sample_data_reg/ncct_cect/vindr_ds/all_baseline_algorithms/B2_deeds__aligned/1.2.392.200036.9116.2.5.1.37.2418751871.1526972837.526920/1.2.392.200036.9116.2.5.1.37.2418751871.1526972837.526920_1.2.392.200036.9116.2.5.1.37.2418751871.1526973364.470863_deeds.nii.gz,1.2.392.200036.9116.2.5.1.37.2418751871.1526972837.526920_1.2.392.200036.9116.2.5.1.37.2418751871.1526973364.470863_deeds.nii.gz,29.381157907629586,0.9338929191028246,0.010485101710139645,0.001153145767315794,0.9894030618808713,24.55325079478675,0.9736522980369444,0.03143592491495438,0.003504894262872594,0.973753492541969,25.041241814714876,0.9678304833328549,0.03170862155317255,0.0031323899256706553,0.967733719128826,0.2830902040602605,0.8488834544384933,0.0024617604215268563,0.005608670127100986,0.9904251744704043,0.9347670910060073,1.0848237400919203,1,1,0.9980695843696594,17.980772835867747
l1_adv_organ_s44,../sample_data_reg/ncct_cect/vindr_ds/all_baseline_algorithms/B2_deeds__aligned/1.2.392.200036.9116.2.5.1.37.2418751871.1522984884.757455/1.2.392.200036.9116.2.5.1.37.2418751871.1522984884.757455_1.2.392.200036.9116.2.5.1.37.2418751871.1522985393.543093_deeds.nii.gz,1.2.392.200036.9116.2.5.1.37.2418751871.1522984884.757455_1.2.392.200036.9116.2.5.1.37.2418751871.1522985393.543093_deeds.nii.gz,29.825879163744048,0.9421511220212313,0.009628225452317393,0.001040907370279857,0.988314990703383,24.683674412398755,0.9728564448436434,0.02959581932514205,0.003401203041428692,0.9727063186164027,25.9139084242138,0.972400249628654,0.027580972595997982,0.0025621771725937866,0.9721438658482807,0.2872439413280216,0.8967043399038204,0.0017573474299190906,0.0025744452155374606,1.0418405450777366,1.0327107749252256,1.1315563221992722,1,1,0.9985101819038391,10.895541054861885
l1_adv_organ_s44,../sample_data_reg/ncct_cect/vindr_ds/all_baseline_algorithms/B2_deeds__aligned/1.2.840.113619.2.278.3.717616.310.1589696975.113/1.2.840.113619.2.278.3.717616.310.1589696975.113_1.2.840.113619.2.278.3.717616.310.1589696975.214.4202498_deeds.nii.gz,1.2.840.113619.2.278.3.717616.310.1589696975.113_1.2.840.113619.2.278.3.717616.310.1589696975.214.4202498_deeds.nii.gz,30.10333773434709,0.9470307534075105,0.008520958891723253,0.0009764864618981051,0.9883153141589478,23.394021043859734,0.9668199761991686,0.03164267600974622,0.004577178988149225,0.9668915911569226,24.890620002956993,0.9651871566730799,0.028407362043822885,0.0032429331762027615,0.9651447424833584,0.29022336311819963,0.8396836178342828,0.0007233759596563338,0.0030424671085800977,1.4705062372717759,0.9738772349654253,1.0959733626169712,1,1,0.9982953071594238,11.905032566615514
l1_adv_organ_s44,../sample_data_reg/ncct_cect/vindr_ds/all_baseline_algorithms/B2_deeds__aligned/1.2.392.200036.9116.2.5.1.37.2418751871.1574736893.449879/1.2.392.200036.9116.2.5.1.37.2418751871.1574736893.449879_1.2.392.200036.9116.2.5.1.37.2418751871.1574737469.513228_deeds.nii.gz,1.2.392.200036.9116.2.5.1.37.2418751871.1574736893.449879_1.2.392.200036.9116.2.5.1.37.2418751871.1574737469.513228_deeds.nii.gz,27.0388716860486,0.9260214654042018,0.013094516447032727,0.0019774833312383366,0.9793344357110647,22.020048014656723,0.9550526493915756,0.03810446803148271,0.006280514151745985,0.9549038566431883,22.55589096681277,0.9453578003022948,0.03686423182121483,0.005551507147737058,0.9449528138769864,0.31846080952428396,0.9217405143652037,0.0012798702092511579,0.0017469072195359255,1.0524173938670331,1.218536837943818,1.2989556837407779,1,1,0.9853240251541138,13.234541756766182
l1_adv_organ_s44,../sample_data_reg/ncct_cect/vindr_ds/all_baseline_algorithms/B2_deeds__aligned/1.2.840.113619.2.278.3.717616.259.1592554882.977/1.2.840.113619.2.278.3.717616.259.1592554882.977_1.2.840.113619.2.278.3.717616.259.1592554883.67.4202498_deeds.nii.gz,1.2.840.113619.2.278.3.717616.259.1592554882.977_1.2.840.113619.2.278.3.717616.259.1592554883.67.4202498_deeds.nii.gz,32.24772368807996,0.9572598103020016,0.008147349224167008,0.0005959744358330679,0.992175476498758,26.34145529074944,0.9832141918848084,0.025134974810283928,0.0023219585937257624,0.983107031591269,28.11158512574448,0.982297276905747,0.02124820635009649,0.0015446905420576638,0.9821534845942911,0.38002527931945435,0.8767166395183948,0.0007347770207020235,0.0030997379838821892,1.513176826729917,0.9797799782611706,1.0712293157672061,1,1,0.9976646304130554,12.002951049804688
l1_adv_organ_s44,../sample_data_reg/ncct_cect/vindr_ds/all_baseline_algorithms/B2_deeds__aligned/1.2.840.113619.2.278.3.717616.249.1585713660.403/1.2.840.113619.2.278.3.717616.249.1585713660.403_1.2.840.113619.2.278.3.717616.249.1585713660.663.12_deeds.nii.gz,1.2.840.113619.2.278.3.717616.249.1585713660.403_1.2.840.113619.2.278.3.717616.249.1585713660.663.12_deeds.nii.gz,28.823496213121736,0.9493977728712248,0.009337404983104706,0.00131114396012175,0.9796013877080068,22.209495894407393,0.9455044119339594,0.03928440846032377,0.006012435225358171,0.9453607512790986,22.57099339977962,0.9362865020150952,0.03912303869485904,0.0055322355107704484,0.9358006141961706,0.2348892779970323,0.741715866745531,0.0013184316560397543,0.004945228463223443,1.5395440410758265,0.9930938523926435,1.2163874269416786,1,1,0.987076461315155,15.507492828369141
l1_adv_organ_s44,../sample_data_reg/ncct_cect/vindr_ds/all_baseline_algorithms/B2_deeds__aligned/1.2.840.113619.2.278.3.717616.306.1582703645.873/1.2.840.113619.2.278.3.717616.306.1582703645.873_1.2.840.113619.2.278.3.717616.306.1582703646.13.4202498_deeds.nii.gz,1.2.840.113619.2.278.3.717616.306.1582703645.873_1.2.840.113619.2.278.3.717616.306.1582703646.13.4202498_deeds.nii.gz,30.389948845641108,0.9525833456460954,0.0076477804316710096,0.0009141240086234532,0.9866743189309398,23.726297492895437,0.9635421068042367,0.029889428684562413,0.0042400428998160865,0.9634324291404655,24.85193562056177,0.9627544960188639,0.02790600416014314,0.003271948338951367,0.9625669369609757,0.2514754137276546,0.9677505285278245,0.000503035247838792,0.0014300682785062116,1.5207210037701373,1.0356132720737379,1.0402946813254808,1,1,0.9975234270095825,6.065570576985677
l1_adv_organ_s44,../sample_data_reg/ncct_cect/vindr_ds/all_baseline_algorithms/B2_deeds__aligned/1.2.840.113619.2.278.3.717616.286.1587944983.828/1.2.840.113619.2.278.3.717616.286.1587944983.828_1.2.840.113619.2.278.3.717616.286.1587944983.915.4202498_deeds.nii.gz,1.2.840.113619.2.278.3.717616.286.1587944983.828_1.2.840.113619.2.278.3.717616.286.1587944983.915.4202498_deeds.nii.gz,33.06478006423356,0.9648309231765255,0.006355298749124222,0.0004937669230013964,0.9929340609498318,27.039979348586392,0.9836096193083159,0.024862208747453676,0.001976979040948506,0.9834871604417817,27.26093479025931,0.9789367955138516,0.025186897391095222,0.0018789123497711048,0.9787526643346776,0.241579215748046,0.8918791279823368,0.0004546902375688819,0.0029043758315193706,1.6714291944249782,0.9821663849068327,1.0574968607577995,1,1,0.9880861043930054,13.831523132324218
l1_adv_organ_s44,../sample_data_reg/ncct_cect/vindr_ds/all_baseline_algorithms/B2_deeds__aligned/1.2.392.200036.9116.2.5.1.37.2418751871.1432695579.168588/1.2.392.200036.9116.2.5.1.37.2418751871.1432695579.168588_1.2.392.200036.9116.2.5.1.37.2418751871.1432696175.178596_deeds.nii.gz,1.2.392.200036.9116.2.5.1.37.2418751871.1432695579.168588_1.2.392.200036.9116.2.5.1.37.2418751871.1432696175.178596_deeds.nii.gz,29.81857161336883,0.9357945512494579,0.01098712761538829,0.001042660302077067,0.9878380873702832,25.02476062340206,0.9735465660450968,0.03274428975974238,0.003144299724562589,0.9734859547043968,25.894245749364696,0.970683790223157,0.03051058464502595,0.002573803724866671,0.9705370949387031,0.317671122707103,0.8898332786497608,0.001159085767164399,0.003757410140440183,1.0147815085857046,1.009853176359143,1.0917300197856403,1,1,0.9894342422485352,25.726219685872397
l1_adv_organ_s44,../sample_data_reg/ncct_cect/vindr_ds/all_baseline_algorithms/B2_deeds__aligned/1.2.840.113619.2.278.3.717616.306.1582703665.824/1.2.840.113619.2.278.3.717616.306.1582703665.824_1.2.840.113619.2.278.3.717616.306.1582703665.961.4202498_deeds.nii.gz,1.2.840.113619.2.278.3.717616.306.1582703665.824_1.2.840.113619.2.278.3.717616.306.1582703665.961.4202498_deeds.nii.gz,25.754189319201114,0.9161611494274807,0.01282218487353588,0.0026581596916881644,0.9642361060682968,19.50130009944807,0.9105324626028656,0.04540179186345778,0.01121682618293692,0.9101787410923221,20.020295827052802,0.8906465176369993,0.04784581520752168,0.009953376159323594,0.8895702975003248,0.2634676080137512,1.0693351110803793,0.0003865886038833651,0.0013458403197185748,1.4671110421259836,1.0929419308893134,1.0698620763527809,1,1,0.9742463231086731,13.847839864095052
l1_adv_organ_s44,../sample_data_reg/ncct_cect/vindr_ds/all_baseline_algorithms/B2_deeds__aligned/1.2.840.113619.2.278.3.717616.286.1587944967.557/1.2.840.113619.2.278.3.717616.286.1587944967.557_1.2.840.113619.2.278.3.717616.286.1587944967.658.4202498_deeds.nii.gz,1.2.840.113619.2.278.3.717616.286.1587944967.557_1.2.840.113619.2.278.3.717616.286.1587944967.658.4202498_deeds.nii.gz,30.582166034505583,0.9516297800261755,0.008820337132784458,0.0008745474877354774,0.9884268692798005,23.863133847632298,0.9628427387063576,0.029977938218881763,0.0041085314450388715,0.9627332173836587,26.16645499741656,0.9684112737886784,0.024347433989896288,0.0024174333003587384,0.9681815418344352,0.3603996687642131,0.871563944159248,0.0007128452806663392,0.0031204661627692214,1.357379836540982,0.9732691569725203,1.0709078824527805,1,1,0.9736825823783875,7.224743979317801
l1_adv_organ_s44,../sample_data_reg/ncct_cect/vindr_ds/all_baseline_algorithms/B2_deeds__aligned/1.2.840.113619.2.278.3.717616.260.1578649386.487/1.2.840.113619.2.278.3.717616.260.1578649386.487_1.2.840.113619.2.278.3.717616.260.1578649386.582.4202498_deeds.nii.gz,1.2.840.113619.2.278.3.717616.260.1578649386.487_1.2.840.113619.2.278.3.717616.260.1578649386.582.4202498_deeds.nii.gz,31.29065741333458,0.9462136249693469,0.0074994492732094525,0.0007429066718764802,0.9912725881000135,24.737041612607715,0.9703375102621803,0.02765129380108038,0.003359663945610287,0.9701801858602619,26.055838841105473,0.9733441837463549,0.025617814541214663,0.002479796917908244,0.9732016068150025,0.2792026956705792,0.9177614256443469,0.0004736505095293937,0.00258161184130945,1.6344017750345767,0.9763497004931331,1.0526221995941947,1,1,0.998204231262207,10.607192993164062
l1_adv_organ_s44,../sample_data_reg/ncct_cect/vindr_ds/all_baseline_algorithms/B2_deeds__aligned/1.2.840.113619.2.278.3.717616.260.1578649359.241/1.2.840.113619.2.278.3.717616.260.1578649359.241_1.2.840.113619.2.278.3.717616.260.1578649359.370.4202498_deeds.nii.gz,1.2.840.113619.2.278.3.717616.260.1578649359.241_1.2.840.113619.2.278.3.717616.260.1578649359.370.4202498_deeds.nii.gz,29.93506336941296,0.9493199539060526,0.009670368241497626,0.0010150645553059234,0.9873828078478525,23.943439113410278,0.972043006093672,0.03069651224761966,0.004033258787102575,0.9725376155247571,25.31837608074724,0.9689607059299834,0.02805319370659617,0.002938748306914422,0.9693423594661361,0.3409245086953138,0.8873942399153042,0.00056653301735361,0.0024121722655564342,1.4303731238928088,0.9767675045149066,1.0522701648841224,1,1,0.9910041689872742,11.447481427873884
l1_adv_organ_s44,../sample_data_reg/ncct_cect/vindr_ds/all_baseline_algorithms/B2_deeds__aligned/1.2.840.113619.2.278.3.717616.202.1592287869.821/1.2.840.113619.2.278.3.717616.202.1592287869.821_1.2.840.113619.2.278.3.717616.202.1592287869.941.4202498_deeds.nii.gz,1.2.840.113619.2.278.3.717616.202.1592287869.821_1.2.840.113619.2.278.3.717616.202.1592287869.941.4202498_deeds.nii.gz,31.203480637659222,0.9405340746796353,0.009680316912260376,0.0007579698592914408,0.9884078407483033,24.75802221749133,0.9647046015245782,0.033016760734310015,0.0033434726752547537,0.9644043247183232,26.876769016741598,0.970622230994796,0.026325661407693064,0.002052688732066398,0.9702905576817116,0.3650677479739467,0.8418883490941097,0.001072188229330568,0.00463693384378342,1.2731757324612039,0.9785894581039917,1.1272206294617972,1,1,0.998458981513977,14.002600606282552
l1_bowel_zero,../sample_data_reg/ncct_cect/vindr_ds/all_baseline_algorithms/B2_deeds__aligned/1.2.840.113619.2.278.3.717616.286.1587944968.878/1.2.840.113619.2.278.3.717616.286.1587944968.878_1.2.840.113619.2.278.3.717616.286.1587944968.981.4202498_deeds.nii.gz,1.2.840.113619.2.278.3.717616.286.1587944968.878_1.2.840.113619.2.278.3.717616.286.1587944968.981.4202498_deeds.nii.gz,29.64202276760836,0.9410141369116379,0.012431483982851549,0.0010859197284335022,0.9840578739746227,24.211829079297956,0.9635675333267872,0.03381190700416668,0.0037915526590386875,0.9638249315493536,25.84393531879,0.9613653383231469,0.02980423077313741,0.0026037930779791683,0.9624987695997003,0.41221642573459505,0.8590774256433998,0.0011202534166970901,0.0042004922864689095,1.9100281108173065,0.951080752347689,1.0963695754349172,1,1,0.9493368864059448,16.914790852864584
l1_bowel_zero,../sample_data_reg/ncct_cect/vindr_ds/all_baseline_algorithms/B2_deeds__aligned/1.2.840.113619.2.278.3.717616.323.1577925255.997/1.2.840.113619.2.278.3.717616.323.1577925255.997_1.2.840.113619.2.278.3.717616.323.1577925256.95.4202498_deeds.nii.gz,1.2.840.113619.2.278.3.717616.323.1577925255.997_1.2.840.113619.2.278.3.717616.323.1577925256.95.4202498_deeds.nii.gz,31.370461675342742,0.955150873838151,0.008225094211810002,0.0007293799696316778,0.9898585549585736,25.111724076078925,0.9800319392753968,0.029400116744693217,0.0030819642193844793,0.9809207800513662,26.693034195402987,0.975848747071613,0.024452360468554018,0.002141393994941605,0.9763774023141852,0.322091862414412,1.0301580520432658,0.0008757698627134809,0.004108676518067249,1.8593474735610647,0.9541032337637299,1.0232652860759506,1,1,0.9739135503768921,28.368102010091146
l1_bowel_zero,../sample_data_reg/ncct_cect/vindr_ds/all_baseline_algorithms/B2_deeds__aligned/1.2.840.113619.2.278.3.717616.166.1580339223.519/1.2.840.113619.2.278.3.717616.166.1580339223.519_1.2.840.113619.2.278.3.717616.166.1580339223.616.4202498_deeds.nii.gz,1.2.840.113619.2.278.3.717616.166.1580339223.519_1.2.840.113619.2.278.3.717616.166.1580339223.616.4202498_deeds.nii.gz,32.14403728531748,0.9520351656809608,0.008043866738196138,0.0006103743453125943,0.9918874800077475,26.26229835874668,0.9768817401539994,0.025067803779167796,0.002364667944621807,0.9767118392465757,27.336489455409236,0.9765240291060227,0.023385577253107893,0.0018465074085241297,0.9762862079288813,0.32588956636968297,0.8035554205509954,0.001951149957642485,0.006434690681085693,1.6480410317734941,0.8956005028264316,1.0999529775964887,1,1,0.9750669598579407,10.526398722330729
l1_bowel_zero,../sample_data_reg/ncct_cect/vindr_ds/all_baseline_algorithms/B2_deeds__aligned/1.2.840.113619.2.278.3.717616.166.1580339223.956/1.2.840.113619.2.278.3.717616.166.1580339223.956_1.2.840.113619.2.278.3.717616.166.1580339224.53.4202498_deeds.nii.gz,1.2.840.113619.2.278.3.717616.166.1580339223.956_1.2.840.113619.2.278.3.717616.166.1580339224.53.4202498_deeds.nii.gz,29.091093721813913,0.9376752528575113,0.010636600705694318,0.0012327943287437622,0.9860312011650993,24.454878986641724,0.9697199262884286,0.02744811825801695,0.0035851893803651182,0.9695966828950661,24.68248731122766,0.9620124298570973,0.02894217772582473,0.003402132853836505,0.9617672452802932,0.3605398557027855,0.8054948471949347,0.0022525389775939317,0.006404344072045245,1.6787102906343692,0.8667497078872314,1.1099244394406924,1,1,0.9795365333557129,10.178411356608073
l1_bowel_zero,../sample_data_reg/ncct_cect/vindr_ds/all_baseline_algorithms/B2_deeds__aligned/1.2.840.113619.2.278.3.717616.286.1593493292.675/1.2.840.113619.2.278.3.717616.286.1593493292.675_1.2.840.113619.2.278.3.717616.286.1593493292.775.4202498_deeds.nii.gz,1.2.840.113619.2.278.3.717616.286.1593493292.675_1.2.840.113619.2.278.3.717616.286.1593493292.775.4202498_deeds.nii.gz,32.312530438309146,0.9528520696559558,0.008361156681641457,0.0005871471486518004,0.9931973583018231,26.81012008639697,0.9819900379632419,0.022170155187437066,0.0020844332458144414,0.981933450075267,28.66328704312117,0.9824625249634529,0.01934481946232196,0.0013604146361614507,0.9823329626309744,0.4253575697439112,0.8059202953677999,0.0026783142694563047,0.006069762250283334,1.5493112105696212,0.8752645481601549,1.1048166221764897,1,1,0.9728317260742188,12.200748697916667
l1_bowel_zero,../sample_data_reg/ncct_cect/vindr_ds/all_baseline_algorithms/B2_deeds__aligned/1.2.840.113619.2.278.3.717616.306.1582703661.35/1.2.840.113619.2.278.3.717616.306.1582703661.35_1.2.840.113619.2.278.3.717616.306.1582703661.129.4202498_deeds.nii.gz,1.2.840.113619.2.278.3.717616.306.1582703661.35_1.2.840.113619.2.278.3.717616.306.1582703661.129.4202498_deeds.nii.gz,29.687902426637336,0.9259484919576062,0.010410484903890155,0.0010745082574546508,0.985486323903022,23.880511255767864,0.9659345466098009,0.03255013586360649,0.0040921248399528225,0.9659065852948432,24.389898061781135,0.9571393825631676,0.03262801422095427,0.00363923578092975,0.9569348991328901,0.2882795300858457,0.8256735385617514,0.0016271942938911798,0.00679601148917713,1.7419901310230543,0.8687861627987559,1.0477358366005536,1,1,0.9900653958320618,20.349596296037948
l1_bowel_zero,../sample_data_reg/ncct_cect/vindr_ds/all_baseline_algorithms/B2_deeds__aligned/1.2.392.200036.9116.2.5.1.37.2418751871.1526972837.526920/1.2.392.200036.9116.2.5.1.37.2418751871.1526972837.526920_1.2.392.200036.9116.2.5.1.37.2418751871.1526973364.470863_deeds.nii.gz,1.2.392.200036.9116.2.5.1.37.2418751871.1526972837.526920_1.2.392.200036.9116.2.5.1.37.2418751871.1526973364.470863_deeds.nii.gz,29.6279224438404,0.9368170123004925,0.010621858875958767,0.0010894511348664118,0.990361542286398,24.67976704064249,0.9749792140715562,0.031696677041320814,0.0034042644998368956,0.9756593970599658,25.227765808071666,0.9694904214448852,0.03134123061049684,0.003000705810193856,0.970005775590531,0.2830902040602605,0.7993472348582149,0.0037369245838883,0.010124309252853028,1.1708615506790994,0.7845534108738548,0.9993468503501794,1,1,0.991245448589325,23.33382252284459
l1_bowel_zero,../sample_data_reg/ncct_cect/vindr_ds/all_baseline_algorithms/B2_deeds__aligned/1.2.392.200036.9116.2.5.1.37.2418751871.1522984884.757455/1.2.392.200036.9116.2.5.1.37.2418751871.1522984884.757455_1.2.392.200036.9116.2.5.1.37.2418751871.1522985393.543093_deeds.nii.gz,1.2.392.200036.9116.2.5.1.37.2418751871.1522984884.757455_1.2.392.200036.9116.2.5.1.37.2418751871.1522985393.543093_deeds.nii.gz,29.87552466044638,0.944056132785625,0.009606243394626903,0.001029076199528535,0.9886975181001916,25.210656712540565,0.9756677265671128,0.027320009597621236,0.003012550450991149,0.9756636289712246,26.296189210305492,0.9744351140723828,0.025884468858930892,0.002346286700900914,0.9744001216618463,0.2872439413280216,0.8341893161167063,0.0032754908720387626,0.007004482622786394,1.2106559596839903,0.8840627964942566,1.0698953693064037,1,1,0.9984952807426453,16.000004359654017
l1_bowel_zero,../sample_data_reg/ncct_cect/vindr_ds/all_baseline_algorithms/B2_deeds__aligned/1.2.840.113619.2.278.3.717616.310.1589696975.113/1.2.840.113619.2.278.3.717616.310.1589696975.113_1.2.840.113619.2.278.3.717616.310.1589696975.214.4202498_deeds.nii.gz,1.2.840.113619.2.278.3.717616.310.1589696975.113_1.2.840.113619.2.278.3.717616.310.1589696975.214.4202498_deeds.nii.gz,30.668247558390664,0.9488410831057404,0.007998651026624216,0.0008573837422898925,0.9893585234201467,23.99888214028359,0.9703162348730046,0.028204477287556064,0.00398209655219226,0.9701486212573652,25.42438585886227,0.9682845851189691,0.026068321709601973,0.0028678828977355764,0.9679881824288262,0.29022336311819963,0.7847260461209336,0.002070856184739084,0.0066378291130067815,1.7538286999726307,0.8769504376348805,1.122511706383529,1,1,0.9874232411384583,10.698475428989955
l1_bowel_zero,../sample_data_reg/ncct_cect/vindr_ds/all_baseline_algorithms/B2_deeds__aligned/1.2.392.200036.9116.2.5.1.37.2418751871.1574736893.449879/1.2.392.200036.9116.2.5.1.37.2418751871.1574736893.449879_1.2.392.200036.9116.2.5.1.37.2418751871.1574737469.513228_deeds.nii.gz,1.2.392.200036.9116.2.5.1.37.2418751871.1574736893.449879_1.2.392.200036.9116.2.5.1.37.2418751871.1574737469.513228_deeds.nii.gz,27.412883719811703,0.93045604875096,0.012435406651235397,0.0018143105586514695,0.9808843380215644,22.38374097798915,0.9583351989563664,0.03569030455736957,0.005775982944974876,0.958666164947208,22.917448304329756,0.9486820834764353,0.03438786148803495,0.005108050351391256,0.9485469314095547,0.31846080952428396,0.8495423265511514,0.0029181944829837713,0.006246148164083811,1.2355913531251816,1.0545193781735933,1.2419458382615547,1,1,0.987519383430481,17.33363015311105
l1_bowel_zero,../sample_data_reg/ncct_cect/vindr_ds/all_baseline_algorithms/B2_deeds__aligned/1.2.840.113619.2.278.3.717616.259.1592554882.977/1.2.840.113619.2.278.3.717616.259.1592554882.977_1.2.840.113619.2.278.3.717616.259.1592554883.67.4202498_deeds.nii.gz,1.2.840.113619.2.278.3.717616.259.1592554882.977_1.2.840.113619.2.278.3.717616.259.1592554883.67.4202498_deeds.nii.gz,32.743311876610875,0.958165462910983,0.007861758954101378,0.0005317026346970396,0.9929443948615956,26.762597265638384,0.9846905440530961,0.02408983812963902,0.0021073674776584807,0.9847161781598242,28.618555693301285,0.9839458456456499,0.020070358931534787,0.0013744990077727685,0.9839384899130108,0.38002527931945435,0.8085181368395812,0.0020557035131433675,0.005923908782513831,1.7691990116231677,0.887463006788514,1.088522803690848,1,1,0.978183925151825,15.515236409505208
l1_bowel_zero,../sample_data_reg/ncct_cect/vindr_ds/all_baseline_algorithms/B2_deeds__aligned/1.2.840.113619.2.278.3.717616.249.1585713660.403/1.2.840.113619.2.278.3.717616.249.1585713660.403_1.2.840.113619.2.278.3.717616.249.1585713660.663.12_deeds.nii.gz,1.2.840.113619.2.278.3.717616.249.1585713660.403_1.2.840.113619.2.278.3.717616.249.1585713660.663.12_deeds.nii.gz,28.998856312594185,0.9399210328050905,0.009839123459186932,0.0012592569855991332,0.9806557538354953,22.363152587461997,0.9471556736416964,0.03900688324504861,0.005803429877496158,0.9484142327945491,22.762304171823203,0.9382387467408582,0.03868603246422043,0.005293825027475537,0.9389146324404907,0.2348892779970323,0.6824900267830893,0.002401180232544116,0.00890501274087745,1.8834601370308535,0.8953055020365963,1.2334024883225692,1,1,0.9025585055351257,19.361944580078124
l1_bowel_zero,../sample_data_reg/ncct_cect/vindr_ds/all_baseline_algorithms/B2_deeds__aligned/1.2.840.113619.2.278.3.717616.306.1582703645.873/1.2.840.113619.2.278.3.717616.306.1582703645.873_1.2.840.113619.2.278.3.717616.306.1582703646.13.4202498_deeds.nii.gz,1.2.840.113619.2.278.3.717616.306.1582703645.873_1.2.840.113619.2.278.3.717616.306.1582703646.13.4202498_deeds.nii.gz,30.99074454683595,0.9530632790016369,0.007547216190161129,0.000796022869955222,0.9879775804010649,24.20079396306424,0.9663143461317997,0.028568354170526222,0.0038011989768308024,0.9661468258736928,25.359766674089084,0.965836605595914,0.026455376149308943,0.0029108735013492087,0.965551537765751,0.2514754137276546,0.8959942946230025,0.0013140639194339412,0.004897850359964417,1.8789603752271895,0.9396966637992328,1.0824247169512902,1,1,0.9883028268814087,14.1228271484375
l1_bowel_zero,../sample_data_reg/ncct_cect/vindr_ds/all_baseline_algorithms/B2_deeds__aligned/1.2.840.113619.2.278.3.717616.286.1587944983.828/1.2.840.113619.2.278.3.717616.286.1587944983.828_1.2.840.113619.2.278.3.717616.286.1587944983.915.4202498_deeds.nii.gz,1.2.840.113619.2.278.3.717616.286.1587944983.828_1.2.840.113619.2.278.3.717616.286.1587944983.915.4202498_deeds.nii.gz,33.461140994503914,0.9600987715202479,0.006624321014292,0.00045069827986887577,0.9935369590753378,27.22358124238983,0.9842810021841338,0.024971693499708382,0.0018951425203194718,0.9845151199757411,27.61284433445882,0.9802349412865916,0.024521906201070996,0.0017326688454304426,0.9803824079723963,0.241579215748046,0.8368290292469514,0.0015698708742190723,0.005875957074271444,2.021234338977027,0.9024220171328551,1.0903160899873396,1,1,0.9760775566101074,20.921516927083335
l1_bowel_zero,../sample_data_reg/ncct_cect/vindr_ds/all_baseline_algorithms/B2_deeds__aligned/1.2.392.200036.9116.2.5.1.37.2418751871.1432695579.168588/1.2.392.200036.9116.2.5.1.37.2418751871.1432695579.168588_1.2.392.200036.9116.2.5.1.37.2418751871.1432696175.178596_deeds.nii.gz,1.2.392.200036.9116.2.5.1.37.2418751871.1432695579.168588_1.2.392.200036.9116.2.5.1.37.2418751871.1432696175.178596_deeds.nii.gz,30.163000546607964,0.9281247308820235,0.011050481442418707,0.0009631633427991415,0.9886821187330825,25.261103758262188,0.9746894997614357,0.0305465300418902,0.0029777595364628073,0.9751393645500412,26.02853569451006,0.9707077784180215,0.02927303429473165,0.0024954359682639025,0.9710740169846441,0.317671122707103,0.8217702579729025,0.002304275609757739,0.007831077961947468,1.2730228324630333,0.875557776515738,1.030974798593068,1,1,0.9871161580085754,36.45728251139323
l1_bowel_zero,../sample_data_reg/ncct_cect/vindr_ds/all_baseline_algorithms/B2_deeds__aligned/1.2.840.113619.2.278.3.717616.306.1582703665.824/1.2.840.113619.2.278.3.717616.306.1582703665.824_1.2.840.113619.2.278.3.717616.306.1582703665.961.4202498_deeds.nii.gz,1.2.840.113619.2.278.3.717616.306.1582703665.824_1.2.840.113619.2.278.3.717616.306.1582703665.961.4202498_deeds.nii.gz,25.990789521344237,0.9239367378023157,0.01248848357342266,0.002517219270780762,0.9657688157797641,19.60655800370821,0.9120528133139901,0.04353139874555597,0.01094823723891574,0.9125821866450762,20.220109351380337,0.8938928617726628,0.04561385728709146,0.009505808585979282,0.8933138974214506,0.2634676080137512,1.0118432281870724,0.0009843980796414007,0.0044265360078736835,1.7535348316964168,0.997144371688245,1.092046463208745,1,1,0.9859482049942017,20.909500122070312
l1_bowel_zero,../sample_data_reg/ncct_cect/vindr_ds/all_baseline_algorithms/B2_deeds__aligned/1.2.840.113619.2.278.3.717616.286.1587944967.557/1.2.840.113619.2.278.3.717616.286.1587944967.557_1.2.840.113619.2.278.3.717616.286.1587944967.658.4202498_deeds.nii.gz,1.2.840.113619.2.278.3.717616.286.1587944967.557_1.2.840.113619.2.278.3.717616.286.1587944967.658.4202498_deeds.nii.gz,30.951877541907745,0.9499008133901181,0.008707837778332702,0.0008031788168507423,0.9891081907747024,24.25350329084061,0.9652052884652824,0.02814628302517712,0.0037553435258496923,0.9649320443948187,26.54359053872474,0.9702898393521232,0.023218028196694107,0.0022163632791453443,0.9699945418840236,0.3603996687642131,0.8018994898692084,0.0019933151299955276,0.006649669326569891,1.6052379461041104,0.8742121161966383,1.0728653259908547,1,1,0.9833324551582336,7.489537920270648
l1_bowel_zero,../sample_data_reg/ncct_cect/vindr_ds/all_baseline_algorithms/B2_deeds__aligned/1.2.840.113619.2.278.3.717616.260.1578649386.487/1.2.840.113619.2.278.3.717616.260.1578649386.487_1.2.840.113619.2.278.3.717616.260.1578649386.582.4202498_deeds.nii.gz,1.2.840.113619.2.278.3.717616.260.1578649386.487_1.2.840.113619.2.278.3.717616.260.1578649386.582.4202498_deeds.nii.gz,31.92212332677849,0.9507167541974112,0.007132793657691194,0.0006423735750571654,0.992247421490891,25.292347469544264,0.9734762102091199,0.025421786717803305,0.002956414019381709,0.9732957869077636,26.625324912027935,0.9760303149094037,0.02364534550971798,0.0021750413049159622,0.9758575741699749,0.2792026956705792,0.8734804174723003,0.001693869960804792,0.006230039287637014,1.9801828763131546,0.8772110247893417,1.0923394508704685,0,0,0.4384365975856781,13.598748343331474
l1_bowel_zero,../sample_data_reg/ncct_cect/vindr_ds/all_baseline_algorithms/B2_deeds__aligned/1.2.840.113619.2.278.3.717616.260.1578649359.241/1.2.840.113619.2.278.3.717616.260.1578649359.241_1.2.840.113619.2.278.3.717616.260.1578649359.370.4202498_deeds.nii.gz,1.2.840.113619.2.278.3.717616.260.1578649359.241_1.2.840.113619.2.278.3.717616.260.1578649359.370.4202498_deeds.nii.gz,30.455105909270166,0.9481734165633405,0.00911494598107376,0.0009005118021422064,0.9883527996199711,24.554573233278383,0.9751230504753217,0.027693578531698782,0.003503827175524967,0.9751761593047155,25.884860612217043,0.9720140007267609,0.025818578886145627,0.002579371748610768,0.9719475704337655,0.3409245086953138,0.8262978220412928,0.0018031352271514142,0.005428763114854627,1.654696328453796,0.8941236344257927,1.0692901747544399,1,1,0.9923006892204285,10.429868425641741
l1_bowel_zero,../sample_data_reg/ncct_cect/vindr_ds/all_baseline_algorithms/B2_deeds__aligned/1.2.840.113619.2.278.3.717616.202.1592287869.821/1.2.840.113619.2.278.3.717616.202.1592287869.821_1.2.840.113619.2.278.3.717616.202.1592287869.941.4202498_deeds.nii.gz,1.2.840.113619.2.278.3.717616.202.1592287869.821_1.2.840.113619.2.278.3.717616.202.1592287869.941.4202498_deeds.nii.gz,31.608695139778867,0.9406913752414732,0.009412716821231704,0.0006904472211156409,0.9893119659009982,25.068238976175916,0.9669275563429977,0.03213306803892358,0.003112978365058794,0.966800551435438,27.282094781280648,0.9726116089274817,0.025002052701282793,0.0018697800508443226,0.9725509859414375,0.3650677479739467,0.7579534575481922,0.0024775916211034307,0.009075322939406591,1.5255402597472667,0.8675068579174593,1.139864400413569,1,1,0.9958154559135437,23.121363321940105
l1_only,../sample_data_reg/ncct_cect/vindr_ds/all_baseline_algorithms/B2_deeds__aligned/1.2.840.113619.2.278.3.717616.286.1587944968.878/1.2.840.113619.2.278.3.717616.286.1587944968.878_1.2.840.113619.2.278.3.717616.286.1587944968.981.4202498_deeds.nii.gz,1.2.840.113619.2.278.3.717616.286.1587944968.878_1.2.840.113619.2.278.3.717616.286.1587944968.981.4202498_deeds.nii.gz,29.2007629766699,0.9393111766980133,0.01297259007214804,0.0012020532371048638,0.9826469197678505,24.14584598529573,0.9631713144929152,0.03360632154813199,0.003849598190059811,0.9635113491733762,25.394026858404803,0.9575714074423215,0.03110990778207224,0.0028880008329750604,0.9590716487014085,0.41221642573459505,0.8647574023554137,0.0010951132739537549,0.0042220221297776675,1.9372378899299558,0.9641791506794293,1.0947445057400462,1,1,0.9706705808639526,14.433180745442709
l1_only,../sample_data_reg/ncct_cect/vindr_ds/all_baseline_algorithms/B2_deeds__aligned/1.2.840.113619.2.278.3.717616.323.1577925255.997/1.2.840.113619.2.278.3.717616.323.1577925255.997_1.2.840.113619.2.278.3.717616.323.1577925256.95.4202498_deeds.nii.gz,1.2.840.113619.2.278.3.717616.323.1577925255.997_1.2.840.113619.2.278.3.717616.323.1577925256.95.4202498_deeds.nii.gz,31.374624285203268,0.9540270702962216,0.008271009783739807,0.0007286812111122309,0.9899147416925188,25.170102098992835,0.9803227933327028,0.029471693848295785,0.0030408135378582287,0.9812604041410555,26.703704980514473,0.9759962159080859,0.024524392017079174,0.0021361389647766784,0.9765756903611298,0.322091862414412,1.033607932031263,0.0008202074945187639,0.004183771477676299,1.876551918042677,0.9588285564635235,1.023020195676665,1,1,0.9730710983276367,28.380580139160156
l1_only,../sample_data_reg/ncct_cect/vindr_ds/all_baseline_algorithms/B2_deeds__aligned/1.2.840.113619.2.278.3.717616.166.1580339223.519/1.2.840.113619.2.278.3.717616.166.1580339223.519_1.2.840.113619.2.278.3.717616.166.1580339223.616.4202498_deeds.nii.gz,1.2.840.113619.2.278.3.717616.166.1580339223.519_1.2.840.113619.2.278.3.717616.166.1580339223.616.4202498_deeds.nii.gz,32.12899557294299,0.9499067414999001,0.008163777795373644,0.0006124920312016656,0.9918648388611707,26.211819290266796,0.9766426591124822,0.0254668529207672,0.0023923133894906455,0.9764769171820549,27.327709285627737,0.9765101046869502,0.023473163144435052,0.0018502442849761636,0.9762662705503706,0.32588956636968297,0.8004704431669412,0.0019184568248733543,0.006503234809637361,1.6647240663563712,0.8999156645285944,1.101342414006757,1,1,0.9758018255233765,11.424072265625
l1_only,../sample_data_reg/ncct_cect/vindr_ds/all_baseline_algorithms/B2_deeds__aligned/1.2.840.113619.2.278.3.717616.166.1580339223.956/1.2.840.113619.2.278.3.717616.166.1580339223.956_1.2.840.113619.2.278.3.717616.166.1580339224.53.4202498_deeds.nii.gz,1.2.840.113619.2.278.3.717616.166.1580339223.956_1.2.840.113619.2.278.3.717616.166.1580339224.53.4202498_deeds.nii.gz,29.084411939340512,0.9374692341210871,0.0106527144627701,0.00123469248858739,0.9860134076064067,24.411559699510153,0.9694587145777248,0.027790111571585965,0.0036211292796698167,0.9693557510591392,24.67652624671186,0.9620015487721836,0.02892843627718023,0.0034068057794429795,0.9617465158108139,0.3605398557027855,0.8068187779463237,0.0022326576945521518,0.00636789820502899,1.680549799703226,0.8694165948389415,1.1115367457373633,1,1,0.9798747897148132,12.219529215494791
l1_only,../sample_data_reg/ncct_cect/vindr_ds/all_baseline_algorithms/B2_deeds__aligned/1.2.840.113619.2.278.3.717616.286.1593493292.675/1.2.840.113619.2.278.3.717616.286.1593493292.675_1.2.840.113619.2.278.3.717616.286.1593493292.775.4202498_deeds.nii.gz,1.2.840.113619.2.278.3.717616.286.1593493292.675_1.2.840.113619.2.278.3.717616.286.1593493292.775.4202498_deeds.nii.gz,32.40770537543163,0.9533376901974279,0.008225391200464621,0.0005744198807123552,0.9933470466237798,26.87595013402802,0.9822580970267375,0.02174725466292429,0.0020530758126927765,0.982193944095654,28.758542712589215,0.9828768496289999,0.019018962406903418,0.0013309009306291118,0.9827395207751336,0.4253575697439112,0.807142348939289,0.002640840649568491,0.006035220292761529,1.5571091603766232,0.8780986227987035,1.1063090531478033,1,1,0.9745447039604187,11.213876342773437
l1_only,../sample_data_reg/ncct_cect/vindr_ds/all_baseline_algorithms/B2_deeds__aligned/1.2.840.113619.2.278.3.717616.306.1582703661.35/1.2.840.113619.2.278.3.717616.306.1582703661.35_1.2.840.113619.2.278.3.717616.306.1582703661.129.4202498_deeds.nii.gz,1.2.840.113619.2.278.3.717616.306.1582703661.35_1.2.840.113619.2.278.3.717616.306.1582703661.129.4202498_deeds.nii.gz,28.594777092425154,0.901508820349706,0.012650510491323066,0.0013820453394456753,0.981477911204629,23.834582504819338,0.9654418594432196,0.03311506340980869,0.00413563069006387,0.9654877964976688,24.27998460979509,0.9560018801821291,0.03323737243365093,0.0037325148049421877,0.9558384712335602,0.2882795300858457,0.8238938922012944,0.0014439820667431602,0.006612502920576662,1.8885791135850347,0.9006848773339788,1.062174604038231,1,1,0.9900619387626648,18.853375026157924
l1_only,../sample_data_reg/ncct_cect/vindr_ds/all_baseline_algorithms/B2_deeds__aligned/1.2.392.200036.9116.2.5.1.37.2418751871.1526972837.526920/1.2.392.200036.9116.2.5.1.37.2418751871.1526972837.526920_1.2.392.200036.9116.2.5.1.37.2418751871.1526973364.470863_deeds.nii.gz,1.2.392.200036.9116.2.5.1.37.2418751871.1526972837.526920_1.2.392.200036.9116.2.5.1.37.2418751871.1526973364.470863_deeds.nii.gz,29.831510827914855,0.9375379206497841,0.010463123791243555,0.0010395584602979125,0.990705509370279,24.67548577713711,0.9747906497880231,0.03143283716792079,0.003407622069438318,0.9752901982572629,25.222431007694265,0.9694221993994033,0.03125066736692881,0.0030043940915938,0.9697637892072375,0.2830902040602605,0.8001882284116817,0.0035703639465057813,0.010242293667582166,1.179124623270131,0.7863032969565118,0.9951222916345779,1,1,0.9893099665641785,22.695860726492747
l1_only,../sample_data_reg/ncct_cect/vindr_ds/all_baseline_algorithms/B2_deeds__aligned/1.2.392.200036.9116.2.5.1.37.2418751871.1522984884.757455/1.2.392.200036.9116.2.5.1.37.2418751871.1522984884.757455_1.2.392.200036.9116.2.5.1.37.2418751871.1522985393.543093_deeds.nii.gz,1.2.392.200036.9116.2.5.1.37.2418751871.1522984884.757455_1.2.392.200036.9116.2.5.1.37.2418751871.1522985393.543093_deeds.nii.gz,29.85952797155175,0.9440859901065505,0.009745351694227595,0.0010328736612188099,0.9887102753378273,25.149633686267833,0.9753355438075276,0.02780449002775573,0.003055178797067598,0.9753308904768137,26.298818117540776,0.9745715711313195,0.02619255793573038,0.002344866857031424,0.9745581321259443,0.2872439413280216,0.8328579883587035,0.003260824417956221,0.0070519510143453356,1.2262921946483896,0.8875998866552018,1.0752512266876924,1,1,0.9979110956192017,16.705457414899552
l1_only,../sample_data_reg/ncct_cect/vindr_ds/all_baseline_algorithms/B2_deeds__aligned/1.2.840.113619.2.278.3.717616.310.1589696975.113/1.2.840.113619.2.278.3.717616.310.1589696975.113_1.2.840.113619.2.278.3.717616.310.1589696975.214.4202498_deeds.nii.gz,1.2.840.113619.2.278.3.717616.310.1589696975.113_1.2.840.113619.2.278.3.717616.310.1589696975.214.4202498_deeds.nii.gz,30.603921537085835,0.9485622564016944,0.008081443671377725,0.0008701774932923866,0.9892194184896348,23.91341173232088,0.9697648815772503,0.028733270249236102,0.004061241606354715,0.9696190115424581,25.371820547646053,0.9679598583057756,0.026277322013474023,0.002902805553199043,0.9676602448364008,0.29022336311819963,0.7839020067989912,0.0019342942845766836,0.006568093810206774,1.7519585332669587,0.8800785461987611,1.1132263498968131,1,1,0.9875634908676147,11.72190420968192
l1_only,../sample_data_reg/ncct_cect/vindr_ds/all_baseline_algorithms/B2_deeds__aligned/1.2.392.200036.9116.2.5.1.37.2418751871.1574736893.449879/1.2.392.200036.9116.2.5.1.37.2418751871.1574736893.449879_1.2.392.200036.9116.2.5.1.37.2418751871.1574737469.513228_deeds.nii.gz,1.2.392.200036.9116.2.5.1.37.2418751871.1574736893.449879_1.2.392.200036.9116.2.5.1.37.2418751871.1574737469.513228_deeds.nii.gz,27.465591881929825,0.9310072605115466,0.012260810224096898,0.0017924242536541967,0.9811204765799825,22.420793787829876,0.9587026850182008,0.03512815121564887,0.005726913469551489,0.958983389178311,22.930722975198357,0.9489827717814946,0.0340389002412665,0.005092460891973205,0.9487980705055717,0.31846080952428396,0.8501508981379851,0.0028395686906711975,0.006267163788366171,1.2373464792656363,1.0595170250873924,1.2415492381536262,1,1,0.987737774848938,17.05982426234654
l1_only,../sample_data_reg/ncct_cect/vindr_ds/all_baseline_algorithms/B2_deeds__aligned/1.2.840.113619.2.278.3.717616.259.1592554882.977/1.2.840.113619.2.278.3.717616.259.1592554882.977_1.2.840.113619.2.278.3.717616.259.1592554883.67.4202498_deeds.nii.gz,1.2.840.113619.2.278.3.717616.259.1592554882.977_1.2.840.113619.2.278.3.717616.259.1592554883.67.4202498_deeds.nii.gz,32.81558619519116,0.9587552907878442,0.007761372138605113,0.000522927378547267,0.9930621682824552,26.826799654707507,0.9848761282521069,0.023770789258425212,0.0020764430987132956,0.9848812132607013,28.684281068575096,0.9842144783439184,0.019803408367737006,0.0013538541892506371,0.9841864180229223,0.38002527931945435,0.8123421479550367,0.0019501816785032385,0.005828653913381204,1.77140447629259,0.8959357988667738,1.0899624224901459,1,1,0.9898692965507507,14.142502848307291
l1_only,../sample_data_reg/ncct_cect/vindr_ds/all_baseline_algorithms/B2_deeds__aligned/1.2.840.113619.2.278.3.717616.249.1585713660.403/1.2.840.113619.2.278.3.717616.249.1585713660.403_1.2.840.113619.2.278.3.717616.249.1585713660.663.12_deeds.nii.gz,1.2.840.113619.2.278.3.717616.249.1585713660.403_1.2.840.113619.2.278.3.717616.249.1585713660.663.12_deeds.nii.gz,29.003733056344107,0.9368589710701928,0.010032406874699498,0.0012578437447595234,0.9805715711241254,22.438743797305673,0.9478324984091809,0.0389487563495644,0.005703292169258805,0.9486983023584368,22.77473985658034,0.9384949561923002,0.03883394693432123,0.005278688253018096,0.9388485848217618,0.2348892779970323,0.6865245181000117,0.002262185748405074,0.008712291520395802,1.8959005760809966,0.9102696906181759,1.2362262732053357,1,1,0.810101330280304,21.203985595703124
l1_only,../sample_data_reg/ncct_cect/vindr_ds/all_baseline_algorithms/B2_deeds__aligned/1.2.840.113619.2.278.3.717616.306.1582703645.873/1.2.840.113619.2.278.3.717616.306.1582703645.873_1.2.840.113619.2.278.3.717616.306.1582703646.13.4202498_deeds.nii.gz,1.2.840.113619.2.278.3.717616.306.1582703645.873_1.2.840.113619.2.278.3.717616.306.1582703646.13.4202498_deeds.nii.gz,30.95883857272529,0.9529903143217844,0.007664802681305097,0.000801892483629788,0.9878935113880383,24.195552878404495,0.9662479766383931,0.028974853208870083,0.0038057890493591847,0.9660897011431181,25.338645187934972,0.9657087073836546,0.026793043549485675,0.0029250647299655214,0.9654090248594898,0.2514754137276546,0.8968042903562689,0.0012002056695790057,0.00504082681407327,1.892403805746386,0.9428042131552609,1.0742010108452953,1,1,0.9882742762565613,14.620548502604167
l1_only,../sample_data_reg/ncct_cect/vindr_ds/all_baseline_algorithms/B2_deeds__aligned/1.2.840.113619.2.278.3.717616.286.1587944983.828/1.2.840.113619.2.278.3.717616.286.1587944983.828_1.2.840.113619.2.278.3.717616.286.1587944983.915.4202498_deeds.nii.gz,1.2.840.113619.2.278.3.717616.286.1587944983.828_1.2.840.113619.2.278.3.717616.286.1587944983.915.4202498_deeds.nii.gz,33.502115479026,0.9567723799603776,0.006704708156036881,0.0004464660624098918,0.9935962684083196,27.347230026131033,0.9846914001809458,0.024521432752341137,0.0018419464388525404,0.9848893372836555,27.67174801014515,0.9805165075113076,0.02432236544767115,0.0017093271823205207,0.980646781194631,0.241579215748046,0.8404434908092522,0.0014888788604831384,0.005782204553795042,2.0271611056595473,0.9106212637115446,1.0882993089931599,1,1,0.975625216960907,21.220710245768228
l1_only,../sample_data_reg/ncct_cect/vindr_ds/all_baseline_algorithms/B2_deeds__aligned/1.2.392.200036.9116.2.5.1.37.2418751871.1432695579.168588/1.2.392.200036.9116.2.5.1.37.2418751871.1432695579.168588_1.2.392.200036.9116.2.5.1.37.2418751871.1432696175.178596_deeds.nii.gz,1.2.392.200036.9116.2.5.1.37.2418751871.1432695579.168588_1.2.392.200036.9116.2.5.1.37.2418751871.1432696175.178596_deeds.nii.gz,29.923061189945585,0.9150521893838576,0.011710535893653583,0.00101787367157754,0.9880540047738706,25.4083890944587,0.9755473997893898,0.02980144328796762,0.0028784659108721813,0.9759923889464307,26.06432712920399,0.9710169334471169,0.028938898730520534,0.0024749548868510402,0.9713274880067562,0.317671122707103,0.8209338857417455,0.001988705319934165,0.007836921594306998,1.2906200178432388,0.9029708323353558,1.0475277750288021,1,1,0.9860876798629761,34.97860412597656
l1_only,../sample_data_reg/ncct_cect/vindr_ds/all_baseline_algorithms/B2_deeds__aligned/1.2.840.113619.2.278.3.717616.306.1582703665.824/1.2.840.113619.2.278.3.717616.306.1582703665.824_1.2.840.113619.2.278.3.717616.306.1582703665.961.4202498_deeds.nii.gz,1.2.840.113619.2.278.3.717616.306.1582703665.824_1.2.840.113619.2.278.3.717616.306.1582703665.961.4202498_deeds.nii.gz,25.959777388535265,0.9219742795134358,0.012676063657827126,0.00253525857991823,0.9655241382395372,19.583881895181314,0.9115555061034658,0.04419961089769341,0.0110055515021414,0.9119883749805556,20.192615759306776,0.8933789352543432,0.04610950078320377,0.009566177260869635,0.8927533713403977,0.2634676080137512,1.018519703508055,0.0009131018483271735,0.0042513714342666785,1.7692025760863235,1.0039275393069045,1.0901750965426609,1,1,0.9862041473388672,20.41932067871094
l1_only,../sample_data_reg/ncct_cect/vindr_ds/all_baseline_algorithms/B2_deeds__aligned/1.2.840.113619.2.278.3.717616.286.1587944967.557/1.2.840.113619.2.278.3.717616.286.1587944967.557_1.2.840.113619.2.278.3.717616.286.1587944967.658.4202498_deeds.nii.gz,1.2.840.113619.2.278.3.717616.286.1587944967.557_1.2.840.113619.2.278.3.717616.286.1587944967.658.4202498_deeds.nii.gz,30.946540477802618,0.9483157855756251,0.008798030627109652,0.0008041664535840223,0.9891109124958982,24.255824887660516,0.9652741326085825,0.028577395067085218,0.0037533365780110634,0.9650166907450353,26.5537901810896,0.9704479421535788,0.023274928632066167,0.0022111641369354697,0.9701328620838136,0.3603996687642131,0.80079750910692,0.0019396321420564828,0.006640999207005838,1.6100878473158065,0.878840972768338,1.0733447985296078,1,1,0.9857762455940247,9.725831168038505
l1_only,../sample_data_reg/ncct_cect/vindr_ds/all_baseline_algorithms/B2_deeds__aligned/1.2.840.113619.2.278.3.717616.260.1578649386.487/1.2.840.113619.2.278.3.717616.260.1578649386.487_1.2.840.113619.2.278.3.717616.260.1578649386.582.4202498_deeds.nii.gz,1.2.840.113619.2.278.3.717616.260.1578649386.487_1.2.840.113619.2.278.3.717616.260.1578649386.582.4202498_deeds.nii.gz,31.893033921511453,0.9500090896215225,0.007137467413640288,0.0006466906886923456,0.9921982424512883,25.22064364396992,0.9729577229684305,0.02538867329121311,0.0030056308216016925,0.9727849232812914,26.585223240973697,0.9758635050790699,0.023583253185327932,0.0021952181051495883,0.9756652218203711,0.2792026956705792,0.8714549020046172,0.0015774540629319446,0.006302075128268494,1.9843660686284625,0.8786129162946755,1.0795915029812555,0,0,0.4378587305545807,13.910106113978795
l1_only,../sample_data_reg/ncct_cect/vindr_ds/all_baseline_algorithms/B2_deeds__aligned/1.2.840.113619.2.278.3.717616.260.1578649359.241/1.2.840.113619.2.278.3.717616.260.1578649359.241_1.2.840.113619.2.278.3.717616.260.1578649359.370.4202498_deeds.nii.gz,1.2.840.113619.2.278.3.717616.260.1578649359.241_1.2.840.113619.2.278.3.717616.260.1578649359.370.4202498_deeds.nii.gz,30.47094690265364,0.9488869703347528,0.00907857239913873,0.0008972331472821977,0.9883656344051412,24.549778250860577,0.9750904910705739,0.027749347567507084,0.0035076978366939747,0.9751636716973424,25.892370927789827,0.9720201939207488,0.02570618644792341,0.002574915059377237,0.9719282047186298,0.3409245086953138,0.8262904612020806,0.0017633264083727522,0.005335299543101061,1.6714949947108293,0.8989084288125055,1.071943770623262,1,1,0.9929139018058777,10.887414114815849
l1_only,../sample_data_reg/ncct_cect/vindr_ds/all_baseline_algorithms/B2_deeds__aligned/1.2.840.113619.2.278.3.717616.202.1592287869.821/1.2.840.113619.2.278.3.717616.202.1592287869.821_1.2.840.113619.2.278.3.717616.202.1592287869.941.4202498_deeds.nii.gz,1.2.840.113619.2.278.3.717616.202.1592287869.821_1.2.840.113619.2.278.3.717616.202.1592287869.941.4202498_deeds.nii.gz,31.601502368664327,0.9399665722181454,0.009392692894643083,0.0006915916850295572,0.9892940435601231,25.11878789586699,0.9671804340806721,0.031759420223394605,0.003076955464845774,0.9670554834300152,27.273360509674454,0.9725849279991369,0.02486856433651289,0.001873544224841015,0.9724990874076976,0.3650677479739467,0.7571904901329272,0.002410825598579995,0.009120054177270529,1.5328220739102714,0.87565884096851,1.1434401757918584,1,1,0.9894679188728333,20.567079671223958
l1_organ_curriculum,../sample_data_reg/ncct_cect/vindr_ds/all_baseline_algorithms/B2_deeds__aligned/1.2.840.113619.2.278.3.717616.286.1587944968.878/1.2.840.113619.2.278.3.717616.286.1587944968.878_1.2.840.113619.2.278.3.717616.286.1587944968.981.4202498_deeds.nii.gz,1.2.840.113619.2.278.3.717616.286.1587944968.878_1.2.840.113619.2.278.3.717616.286.1587944968.981.4202498_deeds.nii.gz,29.7863096333622,0.9417069116377169,0.012443023902549075,0.0010504346440943816,0.9850639170945565,24.440193186680375,0.9661727744890373,0.03384947026957671,0.003597333328262189,0.9667804684561775,25.97483032932708,0.9632483540523831,0.029886842935006916,0.0025264864132686277,0.9647877412174605,0.41221642573459505,0.8566936464674682,0.0010351116459839218,0.004119497486286089,1.8887734625781771,0.9521736854476753,1.0932517122214234,1,1,0.968853771686554,14.472384643554687
l1_organ_curriculum,../sample_data_reg/ncct_cect/vindr_ds/all_baseline_algorithms/B2_deeds__aligned/1.2.840.113619.2.278.3.717616.323.1577925255.997/1.2.840.113619.2.278.3.717616.323.1577925255.997_1.2.840.113619.2.278.3.717616.323.1577925256.95.4202498_deeds.nii.gz,1.2.840.113619.2.278.3.717616.323.1577925255.997_1.2.840.113619.2.278.3.717616.323.1577925256.95.4202498_deeds.nii.gz,31.40867610503003,0.9553584497722475,0.008113956947974572,0.0007229901649485707,0.9898732031348612,25.209127089912904,0.9803613044866716,0.028640431709043818,0.003013611684123116,0.9809126890046874,26.727618926607846,0.9761499228383387,0.02419888571686504,0.0021244088762986967,0.9763829937273905,0.322091862414412,1.0389627102169976,0.0008368276902532583,0.004057281098169361,1.8790169907604601,0.9611023581508215,1.027192260720478,1,1,0.9733098745346069,26.908819071451823
l1_organ_curriculum,../sample_data_reg/ncct_cect/vindr_ds/all_baseline_algorithms/B2_deeds__aligned/1.2.840.113619.2.278.3.717616.166.1580339223.519/1.2.840.113619.2.278.3.717616.166.1580339223.519_1.2.840.113619.2.278.3.717616.166.1580339223.616.4202498_deeds.nii.gz,1.2.840.113619.2.278.3.717616.166.1580339223.519_1.2.840.113619.2.278.3.717616.166.1580339223.616.4202498_deeds.nii.gz,32.087839661110785,0.9515316890292496,0.008145760803634673,0.00061832390047378,0.9918211513160475,26.1742926454559,0.9765439674091669,0.02562008893746048,0.0024130745286592044,0.9763826449033448,27.277298169609633,0.976360455582746,0.023685339719472363,0.0018718462901703289,0.9761189284337579,0.32588956636968297,0.8022128245732871,0.0018713273402005694,0.006178056334945715,1.6724743082475215,0.9031864683999495,1.1021102680254755,1,1,0.9747903943061829,12.671427408854166
l1_organ_curriculum,../sample_data_reg/ncct_cect/vindr_ds/all_baseline_algorithms/B2_deeds__aligned/1.2.840.113619.2.278.3.717616.166.1580339223.956/1.2.840.113619.2.278.3.717616.166.1580339223.956_1.2.840.113619.2.278.3.717616.166.1580339224.53.4202498_deeds.nii.gz,1.2.840.113619.2.278.3.717616.166.1580339223.956_1.2.840.113619.2.278.3.717616.166.1580339224.53.4202498_deeds.nii.gz,29.029723222095484,0.9375037918261481,0.010781750824803172,0.0012503387123495254,0.9859432575654138,24.354504136845936,0.9692883551582185,0.028402186602432745,0.003669015836658727,0.969216425885285,24.61868497511047,0.9617752210634504,0.029391110096316887,0.0034524826318980176,0.9615616528258926,0.3605398557027855,0.8082815375878979,0.0021926897564334817,0.006239961851299468,1.6942691655322286,0.8744380312007367,1.1128171201693753,1,1,0.9897317886352539,12.36346435546875
l1_organ_curriculum,../sample_data_reg/ncct_cect/vindr_ds/all_baseline_algorithms/B2_deeds__aligned/1.2.840.113619.2.278.3.717616.286.1593493292.675/1.2.840.113619.2.278.3.717616.286.1593493292.675_1.2.840.113619.2.278.3.717616.286.1593493292.775.4202498_deeds.nii.gz,1.2.840.113619.2.278.3.717616.286.1593493292.675_1.2.840.113619.2.278.3.717616.286.1593493292.775.4202498_deeds.nii.gz,32.27866548029874,0.9527306000635971,0.00828902834666488,0.000591743439838134,0.9931492380447177,26.81692693103567,0.9820555164284169,0.021743856308698347,0.002081168801832076,0.9819662971756049,28.632292377023813,0.9824487905422714,0.019222791942387688,0.0013701583518107986,0.9822852649562942,0.4253575697439112,0.809372003842256,0.0026523603967588843,0.005843794276830799,1.5668351219404881,0.8811791760324146,1.1095972316319367,1,1,0.9720379114151001,9.584676106770834
l1_organ_curriculum,../sample_data_reg/ncct_cect/vindr_ds/all_baseline_algorithms/B2_deeds__aligned/1.2.840.113619.2.278.3.717616.306.1582703661.35/1.2.840.113619.2.278.3.717616.306.1582703661.35_1.2.840.113619.2.278.3.717616.306.1582703661.129.4202498_deeds.nii.gz,1.2.840.113619.2.278.3.717616.306.1582703661.35_1.2.840.113619.2.278.3.717616.306.1582703661.129.4202498_deeds.nii.gz,29.480229122692798,0.919658282272789,0.010812922830301356,0.0011271379896810895,0.9849269306695543,23.88051743444757,0.966250785524392,0.03262399713162343,0.00409211901811723,0.9660880314718062,24.36500991762303,0.9574582004222473,0.03291580226636684,0.0036601510471874475,0.9571381436690201,0.2882795300858457,0.8266501836496842,0.0013743488853049442,0.0064356084336125675,1.7167494749550065,0.8859295013111761,1.043852003930418,1,1,0.9953739047050476,18.176904950823104
l1_organ_curriculum,../sample_data_reg/ncct_cect/vindr_ds/all_baseline_algorithms/B2_deeds__aligned/1.2.392.200036.9116.2.5.1.37.2418751871.1526972837.526920/1.2.392.200036.9116.2.5.1.37.2418751871.1526972837.526920_1.2.392.200036.9116.2.5.1.37.2418751871.1526973364.470863_deeds.nii.gz,1.2.392.200036.9116.2.5.1.37.2418751871.1526972837.526920_1.2.392.200036.9116.2.5.1.37.2418751871.1526973364.470863_deeds.nii.gz,29.690977642777977,0.937522854059415,0.010447649583453336,0.001073747673183912,0.9904711678884992,24.671571351829094,0.9749553959164803,0.031349170440274056,0.0034106948451232146,0.9754942043025875,25.18769431309581,0.9694305687278784,0.031197766299490573,0.0030285208552941704,0.9697776285243886,0.2830902040602605,0.8046363013884926,0.003534554320964103,0.00962408417907242,1.1863267819383967,0.8040786807594361,1.0111681071911889,1,1,0.9948973655700684,22.321626935686385
l1_organ_curriculum,../sample_data_reg/ncct_cect/vindr_ds/all_baseline_algorithms/B2_deeds__aligned/1.2.392.200036.9116.2.5.1.37.2418751871.1522984884.757455/1.2.392.200036.9116.2.5.1.37.2418751871.1522984884.757455_1.2.392.200036.9116.2.5.1.37.2418751871.1522985393.543093_deeds.nii.gz,1.2.392.200036.9116.2.5.1.37.2418751871.1522984884.757455_1.2.392.200036.9116.2.5.1.37.2418751871.1522985393.543093_deeds.nii.gz,29.967459977183534,0.9445438624208936,0.0095282100899978,0.001007520757038714,0.988886777463791,25.14913055439593,0.9753248552769856,0.027469677788904714,0.0030555327612404874,0.9752579706800537,26.27876797512198,0.9744364313248619,0.02599636674887184,0.002355717468968235,0.9743205797877605,0.2872439413280216,0.8447113776455721,0.0031377535596514737,0.006673219853210578,1.2268661063631983,0.8972016063180104,1.0757960793796977,1,1,0.997907817363739,15.405861990792411
l1_organ_curriculum,../sample_data_reg/ncct_cect/vindr_ds/all_baseline_algorithms/B2_deeds__aligned/1.2.840.113619.2.278.3.717616.310.1589696975.113/1.2.840.113619.2.278.3.717616.310.1589696975.113_1.2.840.113619.2.278.3.717616.310.1589696975.214.4202498_deeds.nii.gz,1.2.840.113619.2.278.3.717616.310.1589696975.113_1.2.840.113619.2.278.3.717616.310.1589696975.214.4202498_deeds.nii.gz,30.528502590395274,0.9492673514603562,0.008079567086953872,0.0008854208426133842,0.9890660106852435,23.852199135467625,0.969502416396659,0.028940106161719124,0.00411888898243048,0.9693559957866098,25.283439954356997,0.9674830068241526,0.02655038208796458,0.0029624839393523447,0.9671851742935923,0.29022336311819963,0.7913428202928448,0.0020284571922198884,0.006351519464820629,1.7718652113878202,0.8861101516578872,1.1284438115370048,1,1,0.987502932548523,9.963882446289062
l1_organ_curriculum,../sample_data_reg/ncct_cect/vindr_ds/all_baseline_algorithms/B2_deeds__aligned/1.2.392.200036.9116.2.5.1.37.2418751871.1574736893.449879/1.2.392.200036.9116.2.5.1.37.2418751871.1574736893.449879_1.2.392.200036.9116.2.5.1.37.2418751871.1574737469.513228_deeds.nii.gz,1.2.392.200036.9116.2.5.1.37.2418751871.1574736893.449879_1.2.392.200036.9116.2.5.1.37.2418751871.1574737469.513228_deeds.nii.gz,27.45212319456838,0.9310206779556314,0.01222806860118281,0.0017979916915471154,0.9810656729945992,22.402388608634624,0.9586597450666627,0.03512597564960581,0.005751235338497539,0.9588051776646882,22.90360134471171,0.9489008107236336,0.03412848614310524,0.005124362749646239,0.9486152735922201,0.31846080952428396,0.8589381067622797,0.0026871242045728365,0.005938862208887355,1.2345533363790382,1.07206125058092,1.2446649879907914,1,1,0.9875413179397583,14.939747401646205
l1_organ_curriculum,../sample_data_reg/ncct_cect/vindr_ds/all_baseline_algorithms/B2_deeds__aligned/1.2.840.113619.2.278.3.717616.259.1592554882.977/1.2.840.113619.2.278.3.717616.259.1592554882.977_1.2.840.113619.2.278.3.717616.259.1592554883.67.4202498_deeds.nii.gz,1.2.840.113619.2.278.3.717616.259.1592554882.977_1.2.840.113619.2.278.3.717616.259.1592554883.67.4202498_deeds.nii.gz,32.73930678591749,0.9582182091164911,0.007833717397293901,0.0005321932003366223,0.9929353913017475,26.779105372070873,0.9847461342902729,0.024028350273727853,0.0020993723007366283,0.9846981765643343,28.613603388435372,0.9840308803701651,0.019993722545401986,0.0013760672571737505,0.9839296368534348,0.38002527931945435,0.8119557689792124,0.002024888271218682,0.005860021566514817,1.7776527423124286,0.8944517869519613,1.0919632109084156,1,1,0.988940417766571,14.469108072916667
l1_organ_curriculum,../sample_data_reg/ncct_cect/vindr_ds/all_baseline_algorithms/B2_deeds__aligned/1.2.840.113619.2.278.3.717616.249.1585713660.403/1.2.840.113619.2.278.3.717616.249.1585713660.403_1.2.840.113619.2.278.3.717616.249.1585713660.663.12_deeds.nii.gz,1.2.840.113619.2.278.3.717616.249.1585713660.403_1.2.840.113619.2.278.3.717616.249.1585713660.663.12_deeds.nii.gz,28.93120097433014,0.9409099441555121,0.009801350679419755,0.001279027559926339,0.9801853434964974,22.314905312726083,0.9463005663146268,0.039124836369666044,0.0058682616378639505,0.9470023329383735,22.706898723695147,0.9374758027888048,0.038757128745762676,0.005361794040086604,0.937648009068675,0.2348892779970323,0.6857968495715024,0.0023046953513736,0.00863773146094472,1.8742694668557962,0.9028039081512206,1.2356800323442683,1,1,0.8585289716720581,18.130865478515624
l1_organ_curriculum,../sample_data_reg/ncct_cect/vindr_ds/all_baseline_algorithms/B2_deeds__aligned/1.2.840.113619.2.278.3.717616.306.1582703645.873/1.2.840.113619.2.278.3.717616.306.1582703645.873_1.2.840.113619.2.278.3.717616.306.1582703646.13.4202498_deeds.nii.gz,1.2.840.113619.2.278.3.717616.306.1582703645.873_1.2.840.113619.2.278.3.717616.306.1582703646.13.4202498_deeds.nii.gz,30.991552186974836,0.9553395543148372,0.007498512836597786,0.0007958748505184192,0.9880571146501781,24.18387220451531,0.9664061854150586,0.028517142476928613,0.0038160387802859764,0.9661916580594865,25.326980098282842,0.9658600205293104,0.026652142731199462,0.002932931974254932,0.9655283889333246,0.2514754137276546,0.9002880300455934,0.0012228034583988644,0.004766466413132772,1.8898934436626553,0.9449495568914043,1.080515673210739,1,1,0.987013041973114,12.313525390625
l1_organ_curriculum,../sample_data_reg/ncct_cect/vindr_ds/all_baseline_algorithms/B2_deeds__aligned/1.2.840.113619.2.278.3.717616.286.1587944983.828/1.2.840.113619.2.278.3.717616.286.1587944983.828_1.2.840.113619.2.278.3.717616.286.1587944983.915.4202498_deeds.nii.gz,1.2.840.113619.2.278.3.717616.286.1587944983.828_1.2.840.113619.2.278.3.717616.286.1587944983.915.4202498_deeds.nii.gz,33.44050184765852,0.9609846183863668,0.0065067965583744565,0.0004528452484861058,0.9934524787583298,27.482227152781327,0.9850788091779732,0.023676559644949757,0.0017855716615926525,0.9850785717477204,27.718738531793097,0.9807616041248602,0.02404311673820691,0.001690932014838586,0.980683936125471,0.241579215748046,0.8435180083002394,0.0013779214341638607,0.005644354850556644,2.0113824799954387,0.9113653048314041,1.0830266173890422,1,1,0.974526584148407,15.328255208333333
l1_organ_curriculum,../sample_data_reg/ncct_cect/vindr_ds/all_baseline_algorithms/B2_deeds__aligned/1.2.392.200036.9116.2.5.1.37.2418751871.1432695579.168588/1.2.392.200036.9116.2.5.1.37.2418751871.1432695579.168588_1.2.392.200036.9116.2.5.1.37.2418751871.1432696175.178596_deeds.nii.gz,1.2.392.200036.9116.2.5.1.37.2418751871.1432695579.168588_1.2.392.200036.9116.2.5.1.37.2418751871.1432696175.178596_deeds.nii.gz,29.831996672654604,0.9209395221172887,0.01150114272376985,0.0010394421715166895,0.9877849559429323,25.40059752251816,0.9754671159630025,0.03004181215188163,0.00288363473197352,0.9757348571197874,26.15514149421446,0.9717521165224827,0.028811185101686797,0.0024237389972533102,0.9718839450225998,0.317671122707103,0.814866965672224,0.0021067133964635383,0.007638600006050175,1.2655612413087656,0.902444772919571,1.0472598775551225,1,1,0.9921175837516785,31.955194091796876
l1_organ_curriculum,../sample_data_reg/ncct_cect/vindr_ds/all_baseline_algorithms/B2_deeds__aligned/1.2.840.113619.2.278.3.717616.306.1582703665.824/1.2.840.113619.2.278.3.717616.306.1582703665.824_1.2.840.113619.2.278.3.717616.306.1582703665.961.4202498_deeds.nii.gz,1.2.840.113619.2.278.3.717616.306.1582703665.824_1.2.840.113619.2.278.3.717616.306.1582703665.961.4202498_deeds.nii.gz,25.96705975827546,0.9243481263508887,0.01248142405296132,0.002531010950623197,0.9656729554360692,19.611784918089693,0.9123022085501068,0.04366254113683423,0.01093506850704403,0.9123745574896087,20.197676801508724,0.8939641596994372,0.04583378374539025,0.009555035828100345,0.893110298204056,0.2634676080137512,1.0265283118432964,0.0008980035437709358,0.004176650349450888,1.7545155077889212,1.0064534363824413,1.0914860496444199,1,1,0.9776605367660522,17.916030883789062
l1_organ_curriculum,../sample_data_reg/ncct_cect/vindr_ds/all_baseline_algorithms/B2_deeds__aligned/1.2.840.113619.2.278.3.717616.286.1587944967.557/1.2.840.113619.2.278.3.717616.286.1587944967.557_1.2.840.113619.2.278.3.717616.286.1587944967.658.4202498_deeds.nii.gz,1.2.840.113619.2.278.3.717616.286.1587944967.557_1.2.840.113619.2.278.3.717616.286.1587944967.658.4202498_deeds.nii.gz,30.86765829461048,0.9489248450249325,0.00881968267442533,0.0008189062213770362,0.9889791571306339,24.153143509675917,0.9646825504667133,0.02884722802693449,0.0038431350760104715,0.9644391775536435,26.467683069370057,0.9700878299543406,0.023485624488499408,0.0022554421538286064,0.9697615913030974,0.3603996687642131,0.8030438757471783,0.0019131228733218792,0.00638814419942947,1.6234010548272775,0.8831055583201944,1.0769441976195957,1,1,0.9870440363883972,8.244153703962054
l1_organ_curriculum,../sample_data_reg/ncct_cect/vindr_ds/all_baseline_algorithms/B2_deeds__aligned/1.2.840.113619.2.278.3.717616.260.1578649386.487/1.2.840.113619.2.278.3.717616.260.1578649386.487_1.2.840.113619.2.278.3.717616.260.1578649386.582.4202498_deeds.nii.gz,1.2.840.113619.2.278.3.717616.260.1578649386.487_1.2.840.113619.2.278.3.717616.260.1578649386.582.4202498_deeds.nii.gz,31.877284449921515,0.951822006160018,0.0070971288083575765,0.0006490401375481067,0.9921867277573055,25.217945767883695,0.9729901024233234,0.025541814932361427,0.0030074985263533693,0.9728009226466859,26.56167624653497,0.9757996048658695,0.02374753104789611,0.0022071526738147136,0.97558382744793,0.2792026956705792,0.8735594636875806,0.0016335958237470789,0.006006195896629938,2.002467897092499,0.8848772690335124,1.0957802746044494,1,1,0.9943289756774902,11.262087140764509
l1_organ_curriculum,../sample_data_reg/ncct_cect/vindr_ds/all_baseline_algorithms/B2_deeds__aligned/1.2.840.113619.2.278.3.717616.260.1578649359.241/1.2.840.113619.2.278.3.717616.260.1578649359.241_1.2.840.113619.2.278.3.717616.260.1578649359.370.4202498_deeds.nii.gz,1.2.840.113619.2.278.3.717616.260.1578649359.241_1.2.840.113619.2.278.3.717616.260.1578649359.370.4202498_deeds.nii.gz,30.33554050172169,0.9490937508041049,0.009304468683818396,0.0009256481762962939,0.9881928595185018,24.391538065050312,0.9744477542253045,0.028779314072386545,0.003637861775026224,0.9746693329122362,25.745764993835923,0.9714025781684033,0.02652848655675675,0.002663320921213155,0.9714657626093309,0.3409245086953138,0.8332179754672864,0.0017571662705566549,0.005286685110490685,1.665346398597463,0.9003043491133019,1.0720136163990304,1,1,0.9922767877578735,11.312335423060826
l1_organ_curriculum,../sample_data_reg/ncct_cect/vindr_ds/all_baseline_algorithms/B2_deeds__aligned/1.2.840.113619.2.278.3.717616.202.1592287869.821/1.2.840.113619.2.278.3.717616.202.1592287869.821_1.2.840.113619.2.278.3.717616.202.1592287869.941.4202498_deeds.nii.gz,1.2.840.113619.2.278.3.717616.202.1592287869.821_1.2.840.113619.2.278.3.717616.202.1592287869.941.4202498_deeds.nii.gz,31.54275744740992,0.9396912271157162,0.009548271699637357,0.0007010100677616616,0.9892030613618629,25.143453735320094,0.9672778623400556,0.031604946740164834,0.0030595293692859834,0.9670003970195871,27.214874467800932,0.9724978094140582,0.02533679017312636,0.0018989457300629235,0.9722707947297196,0.3650677479739467,0.7560098469348405,0.0023687781812465145,0.00877191899469854,1.54864167181405,0.8782981205060114,1.1463682829561859,1,1,0.9889653921127319,17.025841776529948
l1_organ_curriculum_s42,../sample_data_reg/ncct_cect/vindr_ds/all_baseline_algorithms/B2_deeds__aligned/1.2.840.113619.2.278.3.717616.286.1587944968.878/1.2.840.113619.2.278.3.717616.286.1587944968.878_1.2.840.113619.2.278.3.717616.286.1587944968.981.4202498_deeds.nii.gz,1.2.840.113619.2.278.3.717616.286.1587944968.878_1.2.840.113619.2.278.3.717616.286.1587944968.981.4202498_deeds.nii.gz,29.50906969844794,0.9408851935877164,0.012375181939672786,0.0011196777037716782,0.9834708103407493,24.280973906522213,0.9638930381062831,0.032211532564376213,0.003731664657336304,0.9640443579374663,25.728776902601055,0.960178800790268,0.029657801428527437,0.002673759309686944,0.9612693879139619,0.41221642573459505,0.8212687347622148,0.00119530218041929,0.004917085688817691,1.3588637413551972,0.9506658769311148,1.107346191795052,1,1,0.9182923436164856,12.64743906656901
l1_organ_curriculum_s42,../sample_data_reg/ncct_cect/vindr_ds/all_baseline_algorithms/B2_deeds__aligned/1.2.840.113619.2.278.3.717616.323.1577925255.997/1.2.840.113619.2.278.3.717616.323.1577925255.997_1.2.840.113619.2.278.3.717616.323.1577925256.95.4202498_deeds.nii.gz,1.2.840.113619.2.278.3.717616.323.1577925255.997_1.2.840.113619.2.278.3.717616.323.1577925256.95.4202498_deeds.nii.gz,31.408000896168822,0.9535633468398494,0.008281606906366394,0.0007231025788374693,0.9899355671797373,25.27292939480833,0.9807076746084915,0.029317924899446235,0.002969662265131176,0.9813969901260635,26.75411897348623,0.9763642761222113,0.02455437319048164,0.002111485496444364,0.9767298587847938,0.322091862414412,1.0190286813357732,0.000826841639178931,0.004229988331933991,1.5655809187731935,0.9608968701810613,1.0286696532076967,1,1,0.995280385017395,26.275518290201823
l1_organ_curriculum_s42,../sample_data_reg/ncct_cect/vindr_ds/all_baseline_algorithms/B2_deeds__aligned/1.2.840.113619.2.278.3.717616.166.1580339223.519/1.2.840.113619.2.278.3.717616.166.1580339223.519_1.2.840.113619.2.278.3.717616.166.1580339223.616.4202498_deeds.nii.gz,1.2.840.113619.2.278.3.717616.166.1580339223.519_1.2.840.113619.2.278.3.717616.166.1580339223.616.4202498_deeds.nii.gz,32.07907813407916,0.9504755831164772,0.008162288983103822,0.0006195725762244926,0.991777375683062,26.134495871731197,0.9762668801901817,0.025958680657390893,0.0024352884714018293,0.9760955569237137,27.264936012772555,0.9762023271650654,0.023684204593898587,0.001877182075827877,0.9759519340605934,0.32588956636968297,0.7836078048513418,0.002019289450071064,0.006701806704476594,1.3435127987981432,0.8938692488706662,1.1076897027598072,1,1,0.9706796407699585,12.872090148925782
l1_organ_curriculum_s42,../sample_data_reg/ncct_cect/vindr_ds/all_baseline_algorithms/B2_deeds__aligned/1.2.840.113619.2.278.3.717616.166.1580339223.956/1.2.840.113619.2.278.3.717616.166.1580339223.956_1.2.840.113619.2.278.3.717616.166.1580339224.53.4202498_deeds.nii.gz,1.2.840.113619.2.278.3.717616.166.1580339223.956_1.2.840.113619.2.278.3.717616.166.1580339224.53.4202498_deeds.nii.gz,29.055177029124867,0.9371138622487488,0.010757045974334105,0.0012430319657681511,0.9859893268151249,24.383758902891223,0.9694336389106009,0.028085104817666042,0.0036443838190047114,0.9693271188109097,24.645186840666156,0.9619376827976653,0.029243914337927092,0.0034314787668993396,0.9617027985653649,0.3605398557027855,0.7970605561742762,0.0023061867577227526,0.006538181391397223,1.3870547811460396,0.8701352621431023,1.1205028632775573,1,1,0.9974416494369507,11.083842468261718
l1_organ_curriculum_s42,../sample_data_reg/ncct_cect/vindr_ds/all_baseline_algorithms/B2_deeds__aligned/1.2.840.113619.2.278.3.717616.286.1593493292.675/1.2.840.113619.2.278.3.717616.286.1593493292.675_1.2.840.113619.2.278.3.717616.286.1593493292.775.4202498_deeds.nii.gz,1.2.840.113619.2.278.3.717616.286.1593493292.675_1.2.840.113619.2.278.3.717616.286.1593493292.775.4202498_deeds.nii.gz,32.2012046147462,0.9526321032545565,0.008431320475329913,0.0006023924756143867,0.9930213255152535,26.740064225839024,0.9817636690336868,0.022133603456921388,0.002118329807999152,0.9816549771694779,28.5376697595366,0.9820431204643244,0.019524739445003485,0.001400338483423491,0.9818652649203202,0.4253575697439112,0.8136445229309308,0.002740055430207632,0.006142048014234948,1.2870050243508877,0.8806701379307267,1.1162732915890565,1,1,0.948215126991272,7.95945078531901
l1_organ_curriculum_s42,../sample_data_reg/ncct_cect/vindr_ds/all_baseline_algorithms/B2_deeds__aligned/1.2.840.113619.2.278.3.717616.306.1582703661.35/1.2.840.113619.2.278.3.717616.306.1582703661.35_1.2.840.113619.2.278.3.717616.306.1582703661.129.4202498_deeds.nii.gz,1.2.840.113619.2.278.3.717616.306.1582703661.35_1.2.840.113619.2.278.3.717616.306.1582703661.129.4202498_deeds.nii.gz,29.06456204751944,0.9162149203907649,0.010931693291244838,0.0012403486984097806,0.9832688888670881,23.97828995578458,0.9667447919373601,0.03200793054291263,0.004001022599068946,0.966684545338184,24.490239969271794,0.9582171013825281,0.032044416463346326,0.0035561166871516552,0.9579636188234644,0.2882795300858457,0.796638216383615,0.0016613778992200508,0.007124116751761466,1.3509054722586409,0.8845469537628393,1.0744666009957171,1,1,0.9978445172309875,17.155790056501115
l1_organ_curriculum_s42,../sample_data_reg/ncct_cect/vindr_ds/all_baseline_algorithms/B2_deeds__aligned/1.2.392.200036.9116.2.5.1.37.2418751871.1526972837.526920/1.2.392.200036.9116.2.5.1.37.2418751871.1526972837.526920_1.2.392.200036.9116.2.5.1.37.2418751871.1526973364.470863_deeds.nii.gz,1.2.392.200036.9116.2.5.1.37.2418751871.1526972837.526920_1.2.392.200036.9116.2.5.1.37.2418751871.1526973364.470863_deeds.nii.gz,29.71654837503548,0.937591368437381,0.010525220668711598,0.001067444152531992,0.9904841784157832,24.719271209992236,0.9751438452253635,0.031301989165297646,0.0033734391362543643,0.9756188364241701,25.22630180721407,0.9695195655985647,0.031198591853562375,0.0030017175145992873,0.9698039105905086,0.2830902040602605,0.79312040704108,0.003731126417177234,0.010402233638800308,0.9373927371295143,0.790852096904642,1.01315207364443,1,1,0.9979780316352844,20.924610137939453
l1_organ_curriculum_s42,../sample_data_reg/ncct_cect/vindr_ds/all_baseline_algorithms/B2_deeds__aligned/1.2.392.200036.9116.2.5.1.37.2418751871.1522984884.757455/1.2.392.200036.9116.2.5.1.37.2418751871.1522984884.757455_1.2.392.200036.9116.2.5.1.37.2418751871.1522985393.543093_deeds.nii.gz,1.2.392.200036.9116.2.5.1.37.2418751871.1522984884.757455_1.2.392.200036.9116.2.5.1.37.2418751871.1522985393.543093_deeds.nii.gz,30.01579610565305,0.9450313515815514,0.009618464100012339,0.000996369418814735,0.9890906578955818,25.159415468044457,0.9754358438677464,0.027670952246463175,0.0030483052439585147,0.9754146663117759,26.315381909497265,0.9747448103141182,0.026261124409034615,0.002335940675442211,0.9747246719552884,0.2872439413280216,0.8407330652272748,0.0030964450482912067,0.00707906719469161,0.9914764021630837,0.8932805342723695,1.0746738201300403,1,1,0.998631477355957,13.566522870744977
l1_organ_curriculum_s42,../sample_data_reg/ncct_cect/vindr_ds/all_baseline_algorithms/B2_deeds__aligned/1.2.840.113619.2.278.3.717616.310.1589696975.113/1.2.840.113619.2.278.3.717616.310.1589696975.113_1.2.840.113619.2.278.3.717616.310.1589696975.214.4202498_deeds.nii.gz,1.2.840.113619.2.278.3.717616.310.1589696975.113_1.2.840.113619.2.278.3.717616.310.1589696975.214.4202498_deeds.nii.gz,30.534828696394193,0.9492301000346166,0.008139457887373375,0.0008841320423168268,0.9890405573608956,23.845520157713974,0.9693682879344375,0.028933849048084263,0.004125228259937137,0.9691999481565905,25.26763829251427,0.9672695182046676,0.026632250184424836,0.0029732824728424603,0.9669511596885837,0.29022336311819963,0.7765184246814704,0.0021058200810322035,0.006708074367795525,1.456701528459668,0.8815163117583397,1.132206859136811,1,1,0.9884907603263855,14.093698229108538
l1_organ_curriculum_s42,../sample_data_reg/ncct_cect/vindr_ds/all_baseline_algorithms/B2_deeds__aligned/1.2.392.200036.9116.2.5.1.37.2418751871.1574736893.449879/1.2.392.200036.9116.2.5.1.37.2418751871.1574736893.449879_1.2.392.200036.9116.2.5.1.37.2418751871.1574737469.513228_deeds.nii.gz,1.2.392.200036.9116.2.5.1.37.2418751871.1574736893.449879_1.2.392.200036.9116.2.5.1.37.2418751871.1574737469.513228_deeds.nii.gz,27.419339687718235,0.9307384054206046,0.012378486355673214,0.00181161551427226,0.9809308199003122,22.3890122733389,0.9586039463467638,0.035523618857914586,0.005768976537307205,0.9588840345005997,22.901887788168498,0.9487886021604218,0.034352283602253536,0.005126385022138889,0.9485921245534805,0.31846080952428396,0.8446381792695064,0.002870127757559643,0.0065121686379997715,1.0022466921177067,1.0611820056010626,1.2485715987409405,1,1,0.9872292280197144,15.419639042445592
l1_organ_curriculum_s42,../sample_data_reg/ncct_cect/vindr_ds/all_baseline_algorithms/B2_deeds__aligned/1.2.840.113619.2.278.3.717616.259.1592554882.977/1.2.840.113619.2.278.3.717616.259.1592554882.977_1.2.840.113619.2.278.3.717616.259.1592554883.67.4202498_deeds.nii.gz,1.2.840.113619.2.278.3.717616.259.1592554882.977_1.2.840.113619.2.278.3.717616.259.1592554883.67.4202498_deeds.nii.gz,32.650751915301186,0.957705021010507,0.008047097058887395,0.0005431562840442697,0.9927915512936148,26.664594175240083,0.9843913904895739,0.025077683305428592,0.002155463050547558,0.984373649100744,28.516969293774004,0.9836677901654245,0.020508455985312753,0.001407029071071051,0.9835799688982781,0.38002527931945435,0.7987308140868061,0.0021025175516617644,0.006375809927062437,1.4905830838193683,0.8902052397103773,1.0951706017750373,1,1,0.9975608587265015,13.931955973307291
l1_organ_curriculum_s42,../sample_data_reg/ncct_cect/vindr_ds/all_baseline_algorithms/B2_deeds__aligned/1.2.840.113619.2.278.3.717616.249.1585713660.403/1.2.840.113619.2.278.3.717616.249.1585713660.403_1.2.840.113619.2.278.3.717616.249.1585713660.663.12_deeds.nii.gz,1.2.840.113619.2.278.3.717616.249.1585713660.403_1.2.840.113619.2.278.3.717616.249.1585713660.663.12_deeds.nii.gz,28.98886919077389,0.9394680534485321,0.00982857386771493,0.0012621561300618716,0.9804673309075181,22.444606029803854,0.9479128737596405,0.038343622043999,0.005695598894042013,0.9485998133839969,22.752180972304437,0.9383351620029551,0.03875839605993499,0.005306179076666984,0.9385167544157166,0.2348892779970323,0.6689161275083244,0.0023273118480716328,0.008791716943249366,1.498745048562812,0.9085961783778372,1.2495759513410893,1,1,0.9592598676681519,15.019140625
l1_organ_curriculum_s42,../sample_data_reg/ncct_cect/vindr_ds/all_baseline_algorithms/B2_deeds__aligned/1.2.840.113619.2.278.3.717616.306.1582703645.873/1.2.840.113619.2.278.3.717616.306.1582703645.873_1.2.840.113619.2.278.3.717616.306.1582703646.13.4202498_deeds.nii.gz,1.2.840.113619.2.278.3.717616.306.1582703645.873_1.2.840.113619.2.278.3.717616.306.1582703646.13.4202498_deeds.nii.gz,30.90700444472896,0.9532692478142375,0.007625422866658158,0.0008115206128943504,0.9878183169678393,24.120048838625017,0.9659141202251762,0.028613399868943012,0.003872532900367749,0.9657094599676098,25.258955854823565,0.9653607241364226,0.02678155289382483,0.002979232620304497,0.9650103513181728,0.2514754137276546,0.8821971674354501,0.0011167970488524484,0.004932481851675126,1.5071079312163602,0.946035436680455,1.070925048728273,1,1,0.9899615049362183,9.026727803548177
l1_organ_curriculum_s42,../sample_data_reg/ncct_cect/vindr_ds/all_baseline_algorithms/B2_deeds__aligned/1.2.840.113619.2.278.3.717616.286.1587944983.828/1.2.840.113619.2.278.3.717616.286.1587944983.828_1.2.840.113619.2.278.3.717616.286.1587944983.915.4202498_deeds.nii.gz,1.2.840.113619.2.278.3.717616.286.1587944983.828_1.2.840.113619.2.278.3.717616.286.1587944983.915.4202498_deeds.nii.gz,33.47446114605526,0.9572275183822061,0.006659925435629301,0.0004493180706687171,0.9935320266350249,27.37618624453623,0.984755970147688,0.024401266364562194,0.0018297062667771025,0.9848855193139568,27.63147995931768,0.980340006036825,0.024469988864520526,0.0017252498728399387,0.9803909566116965,0.241579215748046,0.8143466345538456,0.0015224195759439042,0.006056915823669237,1.6491608792132537,0.9055120502003875,1.093103070803942,1,1,0.9980198740959167,16.6986567179362
l1_organ_curriculum_s42,../sample_data_reg/ncct_cect/vindr_ds/all_baseline_algorithms/B2_deeds__aligned/1.2.392.200036.9116.2.5.1.37.2418751871.1432695579.168588/1.2.392.200036.9116.2.5.1.37.2418751871.1432695579.168588_1.2.392.200036.9116.2.5.1.37.2418751871.1432696175.178596_deeds.nii.gz,1.2.392.200036.9116.2.5.1.37.2418751871.1432695579.168588_1.2.392.200036.9116.2.5.1.37.2418751871.1432696175.178596_deeds.nii.gz,29.876305822203165,0.912901613074284,0.01163403189727577,0.0010288911171216501,0.9879400844498496,25.463055748690383,0.9759936273374199,0.029929823612090817,0.0028424604140245883,0.9764032192854674,26.35454106166939,0.9730314723645823,0.028061878577557063,0.0023149728065816238,0.973333451963911,0.317671122707103,0.7974660974940757,0.0023801834174622875,0.008226581282017713,0.9505419365078899,0.9237917953263082,1.0989922320588672,1,1,0.986439049243927,31.392193094889322
l1_organ_curriculum_s42,../sample_data_reg/ncct_cect/vindr_ds/all_baseline_algorithms/B2_deeds__aligned/1.2.840.113619.2.278.3.717616.306.1582703665.824/1.2.840.113619.2.278.3.717616.306.1582703665.824_1.2.840.113619.2.278.3.717616.306.1582703665.961.4202498_deeds.nii.gz,1.2.840.113619.2.278.3.717616.306.1582703665.824_1.2.840.113619.2.278.3.717616.306.1582703665.961.4202498_deeds.nii.gz,25.968702411890014,0.9228702665537676,0.012574310870635312,0.002530053814788216,0.9656349048413496,19.607223940459267,0.9122392215259199,0.04370957193002439,0.010946558591157233,0.912478042366446,20.199247381924856,0.8939801743970798,0.04594797571254776,0.009551580974413288,0.8932197237929711,0.2634676080137512,1.0040128339503163,0.0009227092364374864,0.004442791714340507,1.445216534297452,1.006608367173019,1.0992868981989359,1,1,0.977107048034668,15.335527038574218
l1_organ_curriculum_s42,../sample_data_reg/ncct_cect/vindr_ds/all_baseline_algorithms/B2_deeds__aligned/1.2.840.113619.2.278.3.717616.286.1587944967.557/1.2.840.113619.2.278.3.717616.286.1587944967.557_1.2.840.113619.2.278.3.717616.286.1587944967.658.4202498_deeds.nii.gz,1.2.840.113619.2.278.3.717616.286.1587944967.557_1.2.840.113619.2.278.3.717616.286.1587944967.658.4202498_deeds.nii.gz,30.93589239335284,0.9485344699783193,0.008777696817257671,0.0008061405376396006,0.9890811385030714,24.207192087172153,0.964931674235038,0.028623360544462642,0.003795603087904305,0.9646590814783117,26.5235497999336,0.9702720276553981,0.023333535379746122,0.0022266144337774064,0.9699417945147439,0.3603996687642131,0.7827561605079006,0.0020681824982552452,0.006899659395885676,1.3118473852005068,0.8755282434954293,1.0836035799061772,1,1,0.9885660409927368,7.074241638183594
l1_organ_curriculum_s42,../sample_data_reg/ncct_cect/vindr_ds/all_baseline_algorithms/B2_deeds__aligned/1.2.840.113619.2.278.3.717616.260.1578649386.487/1.2.840.113619.2.278.3.717616.260.1578649386.487_1.2.840.113619.2.278.3.717616.260.1578649386.582.4202498_deeds.nii.gz,1.2.840.113619.2.278.3.717616.260.1578649386.487_1.2.840.113619.2.278.3.717616.260.1578649386.582.4202498_deeds.nii.gz,31.83202258475099,0.9507737003998749,0.007214904736008658,0.0006558397592139653,0.9920994788982608,25.17535758180541,0.9727831355051572,0.025879194872608126,0.003037136015250292,0.9725778418326918,26.50846640783904,0.9755318251967768,0.023998704577380705,0.002234361087036043,0.9753022259527475,0.2792026956705792,0.8605278983702409,0.001692689211724809,0.006473627630044414,1.6437980083556996,0.8769454812299263,1.0955042073503642,1,1,0.9983042478561401,11.45166724068778
l1_organ_curriculum_s42,../sample_data_reg/ncct_cect/vindr_ds/all_baseline_algorithms/B2_deeds__aligned/1.2.840.113619.2.278.3.717616.260.1578649359.241/1.2.840.113619.2.278.3.717616.260.1578649359.241_1.2.840.113619.2.278.3.717616.260.1578649359.370.4202498_deeds.nii.gz,1.2.840.113619.2.278.3.717616.260.1578649359.241_1.2.840.113619.2.278.3.717616.260.1578649359.370.4202498_deeds.nii.gz,30.383800032982705,0.9488935714941519,0.009143535274453524,0.0009154191570498972,0.9881285228728298,24.443168238181766,0.9744933737689612,0.027904182251982747,0.0035948698875519847,0.9745383580695859,25.788515447120076,0.9713775886320009,0.025958845287403068,0.0026372327194860634,0.9712689497204647,0.3409245086953138,0.8133732491908632,0.001840356530451477,0.005579519415755769,1.413483068892119,0.8978496610119312,1.0773083515280535,1,1,0.9920899271965027,8.76148932320731
l1_organ_curriculum_s42,../sample_data_reg/ncct_cect/vindr_ds/all_baseline_algorithms/B2_deeds__aligned/1.2.840.113619.2.278.3.717616.202.1592287869.821/1.2.840.113619.2.278.3.717616.202.1592287869.821_1.2.840.113619.2.278.3.717616.202.1592287869.941.4202498_deeds.nii.gz,1.2.840.113619.2.278.3.717616.202.1592287869.821_1.2.840.113619.2.278.3.717616.202.1592287869.941.4202498_deeds.nii.gz,31.672045167288907,0.9394305320427649,0.009421229257016486,0.0006804488481859717,0.9894705223902905,25.20017417082135,0.9677547508636039,0.03190358267800204,0.003019830609739449,0.9675562175931829,27.34812210370783,0.9731701942849372,0.024943573747966324,0.001841568126339629,0.9729978903284442,0.3650677479739467,0.7324840580910341,0.0025133347854111605,0.009362948288810492,1.2253531426395938,0.8692317076722286,1.1500499843770053,1,1,0.99786376953125,16.317181905110676
l1_organ_curriculum_s43,../sample_data_reg/ncct_cect/vindr_ds/all_baseline_algorithms/B2_deeds__aligned/1.2.840.113619.2.278.3.717616.286.1587944968.878/1.2.840.113619.2.278.3.717616.286.1587944968.878_1.2.840.113619.2.278.3.717616.286.1587944968.981.4202498_deeds.nii.gz,1.2.840.113619.2.278.3.717616.286.1587944968.878_1.2.840.113619.2.278.3.717616.286.1587944968.981.4202498_deeds.nii.gz,29.016611200772715,0.9403945694565534,0.012707430489184185,0.00125411938242071,0.9814070434568521,23.83367665734006,0.9598155561072423,0.032699708977130586,0.004136493386117789,0.959894531086577,25.212525106216553,0.9549881874157198,0.03048384297258411,0.003011254689736321,0.9561079634189069,0.41221642573459505,0.8480459000667325,0.001252194533529383,0.0047412968520902776,1.3764173765595111,0.9521410314681179,1.1048753746334408,1,1,0.9492953419685364,11.86952412923177
l1_organ_curriculum_s43,../sample_data_reg/ncct_cect/vindr_ds/all_baseline_algorithms/B2_deeds__aligned/1.2.840.113619.2.278.3.717616.323.1577925255.997/1.2.840.113619.2.278.3.717616.323.1577925255.997_1.2.840.113619.2.278.3.717616.323.1577925256.95.4202498_deeds.nii.gz,1.2.840.113619.2.278.3.717616.323.1577925255.997_1.2.840.113619.2.278.3.717616.323.1577925256.95.4202498_deeds.nii.gz,31.476511151798977,0.9525149522976938,0.008203461780958167,0.0007117850873261434,0.9900917057169584,25.323140854660124,0.9809342289652738,0.028717589928602506,0.00293552588678315,0.9816372985178643,26.820531112880914,0.9766771519596111,0.024111456706634955,0.0020794423697665073,0.977062599444728,0.322091862414412,1.023429855930908,0.0008464308847484563,0.004215766365065697,1.5712580603534119,0.9622122783790106,1.0297767598373695,1,1,0.9883577227592468,23.30399932861328
l1_organ_curriculum_s43,../sample_data_reg/ncct_cect/vindr_ds/all_baseline_algorithms/B2_deeds__aligned/1.2.840.113619.2.278.3.717616.166.1580339223.519/1.2.840.113619.2.278.3.717616.166.1580339223.519_1.2.840.113619.2.278.3.717616.166.1580339223.616.4202498_deeds.nii.gz,1.2.840.113619.2.278.3.717616.166.1580339223.519_1.2.840.113619.2.278.3.717616.166.1580339223.616.4202498_deeds.nii.gz,32.04380568249725,0.9424573368527236,0.008342631123168636,0.0006246250996703565,0.991741713429819,26.135978568792435,0.9763900534978044,0.025747963176687785,0.0024344571970220815,0.9762309889497138,27.242599340173655,0.9761741148024617,0.023618341128154162,0.0018868616862453514,0.9759333818313674,0.32588956636968297,0.7970179337011938,0.0019478345993985736,0.006380423035751182,1.3474787107879318,0.9015941803647592,1.1089444245322622,1,1,0.9880771636962891,14.178312174479167
l1_organ_curriculum_s43,../sample_data_reg/ncct_cect/vindr_ds/all_baseline_algorithms/B2_deeds__aligned/1.2.840.113619.2.278.3.717616.166.1580339223.956/1.2.840.113619.2.278.3.717616.166.1580339223.956_1.2.840.113619.2.278.3.717616.166.1580339224.53.4202498_deeds.nii.gz,1.2.840.113619.2.278.3.717616.166.1580339223.956_1.2.840.113619.2.278.3.717616.166.1580339224.53.4202498_deeds.nii.gz,29.029810678068586,0.9355742523354806,0.010833466907209804,0.0012503135339297338,0.9859157845200187,24.33193511675138,0.969097437519108,0.028246121468199593,0.0036881322722514334,0.9690031132433986,24.618769207907487,0.9617068692983828,0.029300275065589496,0.003452415670547905,0.9614803500197389,0.3605398557027855,0.8046930671687716,0.002228961824387609,0.006371748280736065,1.3887365269811196,0.8729142313393974,1.117139408551996,1,1,0.9974973797798157,12.325205993652343
l1_organ_curriculum_s43,../sample_data_reg/ncct_cect/vindr_ds/all_baseline_algorithms/B2_deeds__aligned/1.2.840.113619.2.278.3.717616.286.1593493292.675/1.2.840.113619.2.278.3.717616.286.1593493292.675_1.2.840.113619.2.278.3.717616.286.1593493292.775.4202498_deeds.nii.gz,1.2.840.113619.2.278.3.717616.286.1593493292.675_1.2.840.113619.2.278.3.717616.286.1593493292.775.4202498_deeds.nii.gz,32.21536846603372,0.9527381446478157,0.008372566368944677,0.0006004310647100888,0.9930451939185736,26.716628054581506,0.9816685345409699,0.022047681539824907,0.0021297920154552587,0.9815508512327878,28.569343136416357,0.9821728003391196,0.01935002002711715,0.0013901628752651595,0.9819797965738613,0.4253575697439112,0.8105648104868887,0.002676325613183586,0.006052095906693277,1.2875874085275179,0.8795007523691875,1.1124004408572743,1,1,0.9877694249153137,8.965640258789062
l1_organ_curriculum_s43,../sample_data_reg/ncct_cect/vindr_ds/all_baseline_algorithms/B2_deeds__aligned/1.2.840.113619.2.278.3.717616.306.1582703661.35/1.2.840.113619.2.278.3.717616.306.1582703661.35_1.2.840.113619.2.278.3.717616.306.1582703661.129.4202498_deeds.nii.gz,1.2.840.113619.2.278.3.717616.306.1582703661.35_1.2.840.113619.2.278.3.717616.306.1582703661.129.4202498_deeds.nii.gz,29.805205250120935,0.8890865167458725,0.010911220452091556,0.001045874260663775,0.9859142562082038,23.938022826882865,0.96649999429706,0.03229780651326106,0.004038291987830747,0.9664021370284991,24.484876760806088,0.9582796704080045,0.032088160525628004,0.003560510935092935,0.9579979138402789,0.2882795300858457,0.8079333716161231,0.001760974742529244,0.006932575213073751,1.358356692360965,0.8746170923929691,1.0650312150464458,1,1,0.9728487133979797,17.42681339808873
l1_organ_curriculum_s43,../sample_data_reg/ncct_cect/vindr_ds/all_baseline_algorithms/B2_deeds__aligned/1.2.392.200036.9116.2.5.1.37.2418751871.1526972837.526920/1.2.392.200036.9116.2.5.1.37.2418751871.1526972837.526920_1.2.392.200036.9116.2.5.1.37.2418751871.1526973364.470863_deeds.nii.gz,1.2.392.200036.9116.2.5.1.37.2418751871.1526972837.526920_1.2.392.200036.9116.2.5.1.37.2418751871.1526973364.470863_deeds.nii.gz,29.574883206648934,0.9344043253752664,0.010647159732967997,0.0011028378916984292,0.9901267399421908,24.844426018119382,0.9756803506011892,0.03048348327547835,0.003277610922292776,0.9760862551729031,25.320627802905086,0.9700615004885006,0.030690050874986316,0.002937225024947324,0.9703098865237645,0.2830902040602605,0.7899728783303638,0.0039021263401332116,0.010294391408619277,0.9473600398333271,0.7892842495911208,1.0125798239530666,1,1,0.9980300068855286,19.369610922677175
l1_organ_curriculum_s43,../sample_data_reg/ncct_cect/vindr_ds/all_baseline_algorithms/B2_deeds__aligned/1.2.392.200036.9116.2.5.1.37.2418751871.1522984884.757455/1.2.392.200036.9116.2.5.1.37.2418751871.1522984884.757455_1.2.392.200036.9116.2.5.1.37.2418751871.1522985393.543093_deeds.nii.gz,1.2.392.200036.9116.2.5.1.37.2418751871.1522984884.757455_1.2.392.200036.9116.2.5.1.37.2418751871.1522985393.543093_deeds.nii.gz,29.69480504926086,0.9419543565312712,0.009814495399595126,0.0010728018038262833,0.9881226223618429,25.14267620350351,0.9752953664450738,0.027441760045477822,0.003060077176013851,0.9751998314524792,26.24507593970939,0.9742178414580109,0.026075140609354765,0.0023740639100501026,0.9740723501277828,0.2872439413280216,0.8406783565798767,0.0032389162720950623,0.006968479245469222,0.9998802270522534,0.8930830188573838,1.0798975106214126,1,1,0.9986367225646973,12.08558818272182
l1_organ_curriculum_s43,../sample_data_reg/ncct_cect/vindr_ds/all_baseline_algorithms/B2_deeds__aligned/1.2.840.113619.2.278.3.717616.310.1589696975.113/1.2.840.113619.2.278.3.717616.310.1589696975.113_1.2.840.113619.2.278.3.717616.310.1589696975.214.4202498_deeds.nii.gz,1.2.840.113619.2.278.3.717616.310.1589696975.113_1.2.840.113619.2.278.3.717616.310.1589696975.214.4202498_deeds.nii.gz,30.48648065756458,0.9480922856059707,0.008298924194287299,0.0008940296748510514,0.9889976736354824,23.80987900731732,0.9693264099280346,0.029508782973623464,0.004159221977564902,0.9692084704186856,25.23563368240414,0.9671981238013756,0.026917453077760268,0.0029952745177433153,0.9669190458106447,0.29022336311819963,0.7825736255355129,0.001985673559888388,0.00655485769775129,1.4527149964464314,0.8855296588861549,1.1250582878189057,1,1,0.9975348711013794,12.248772757393974
l1_organ_curriculum_s43,../sample_data_reg/ncct_cect/vindr_ds/all_baseline_algorithms/B2_deeds__aligned/1.2.392.200036.9116.2.5.1.37.2418751871.1574736893.449879/1.2.392.200036.9116.2.5.1.37.2418751871.1574736893.449879_1.2.392.200036.9116.2.5.1.37.2418751871.1574737469.513228_deeds.nii.gz,1.2.392.200036.9116.2.5.1.37.2418751871.1574736893.449879_1.2.392.200036.9116.2.5.1.37.2418751871.1574737469.513228_deeds.nii.gz,27.370603102080217,0.9295303026227428,0.012426330321914,0.0018320599876595232,0.9806980224202692,22.39829548529319,0.9585509600472757,0.03502878855903026,0.005756658297633431,0.9587742362110495,22.90277161480615,0.9487310898542761,0.03414006305116403,0.005125341864828479,0.9485017615935564,0.31846080952428396,0.8415546791406111,0.0029070840127566324,0.00632507786044259,1.0138979811649873,1.061589693517727,1.2518502084678897,1,1,0.988796055316925,13.28378186907087
l1_organ_curriculum_s43,../sample_data_reg/ncct_cect/vindr_ds/all_baseline_algorithms/B2_deeds__aligned/1.2.840.113619.2.278.3.717616.259.1592554882.977/1.2.840.113619.2.278.3.717616.259.1592554882.977_1.2.840.113619.2.278.3.717616.259.1592554883.67.4202498_deeds.nii.gz,1.2.840.113619.2.278.3.717616.259.1592554882.977_1.2.840.113619.2.278.3.717616.259.1592554883.67.4202498_deeds.nii.gz,32.67474991335417,0.9571665527242273,0.00795137009623169,0.0005401632189402229,0.9928295678020849,26.726399019521253,0.9845653325409844,0.024111412754411136,0.002125005693795794,0.9845220013444603,28.543914470135746,0.9837432382275249,0.020211740396893756,0.001398326386805225,0.9836576952796121,0.38002527931945435,0.8074734953386176,0.0020430738197665076,0.006132757937442228,1.497327460795784,0.8931655767913235,1.0945846565424855,1,1,0.9972394108772278,12.681063334147135
l1_organ_curriculum_s43,../sample_data_reg/ncct_cect/vindr_ds/all_baseline_algorithms/B2_deeds__aligned/1.2.840.113619.2.278.3.717616.249.1585713660.403/1.2.840.113619.2.278.3.717616.249.1585713660.403_1.2.840.113619.2.278.3.717616.249.1585713660.663.12_deeds.nii.gz,1.2.840.113619.2.278.3.717616.249.1585713660.403_1.2.840.113619.2.278.3.717616.249.1585713660.663.12_deeds.nii.gz,29.005038342900118,0.9246618602398565,0.010181526479305711,0.001257465752431393,0.9804916738983869,22.466690558665615,0.9481107928158297,0.038289089332763294,0.005666709431261214,0.9486646688865368,22.786375118561544,0.9387547893702566,0.038568186455391354,0.005264564951329648,0.9388202276405596,0.2348892779970323,0.6761936628742942,0.0023089871800918995,0.00872327511494011,1.5075532679927783,0.9126832114395225,1.2517214637744372,1,1,0.9609584808349609,15.034859466552735
l1_organ_curriculum_s43,../sample_data_reg/ncct_cect/vindr_ds/all_baseline_algorithms/B2_deeds__aligned/1.2.840.113619.2.278.3.717616.306.1582703645.873/1.2.840.113619.2.278.3.717616.306.1582703645.873_1.2.840.113619.2.278.3.717616.306.1582703646.13.4202498_deeds.nii.gz,1.2.840.113619.2.278.3.717616.306.1582703645.873_1.2.840.113619.2.278.3.717616.306.1582703646.13.4202498_deeds.nii.gz,30.94731144843277,0.9512453143520967,0.0076687819332844865,0.0008040237085767595,0.9879111170880582,24.177732106535032,0.9663315698255662,0.028089707820094057,0.0038214377489989818,0.9661192301852581,25.30812025579405,0.9656875928545667,0.02639641018040728,0.0029456963351146784,0.9653458451537215,0.2514754137276546,0.8897725626425058,0.0011246586918895586,0.004905119345408121,1.5192348883459244,0.9471744912163037,1.0744134378407832,1,1,0.9853521585464478,7.410906982421875
l1_organ_curriculum_s43,../sample_data_reg/ncct_cect/vindr_ds/all_baseline_algorithms/B2_deeds__aligned/1.2.840.113619.2.278.3.717616.286.1587944983.828/1.2.840.113619.2.278.3.717616.286.1587944983.828_1.2.840.113619.2.278.3.717616.286.1587944983.915.4202498_deeds.nii.gz,1.2.840.113619.2.278.3.717616.286.1587944983.828_1.2.840.113619.2.278.3.717616.286.1587944983.915.4202498_deeds.nii.gz,33.47852420074085,0.9468539588411572,0.006883261339731121,0.00044889790641148696,0.9935306717948971,27.412216451940537,0.9848715575205339,0.024034865560001544,0.0018145893381898896,0.9849388829834719,27.65928310919596,0.9804961935256922,0.024130601684994354,0.0017142402541498408,0.9804848049017728,0.241579215748046,0.8286909211355115,0.0014864344627329607,0.005987464293225519,1.653226864955748,0.9113704198681879,1.093558245483143,1,1,0.9880277514457703,18.872054036458334
l1_organ_curriculum_s43,../sample_data_reg/ncct_cect/vindr_ds/all_baseline_algorithms/B2_deeds__aligned/1.2.392.200036.9116.2.5.1.37.2418751871.1432695579.168588/1.2.392.200036.9116.2.5.1.37.2418751871.1432695579.168588_1.2.392.200036.9116.2.5.1.37.2418751871.1432696175.178596_deeds.nii.gz,1.2.392.200036.9116.2.5.1.37.2418751871.1432695579.168588_1.2.392.200036.9116.2.5.1.37.2418751871.1432696175.178596_deeds.nii.gz,30.446870709848234,0.9028132600893825,0.010998514160554041,0.000902220994897157,0.9894064656116645,25.5587802564937,0.9764464748313384,0.02933180043947921,0.0027804940774449976,0.9765998750641736,26.416164652822225,0.9735088574708669,0.02765836255073399,0.0022823567801947033,0.9735620233119788,0.317671122707103,0.8090781454478866,0.002326757147280823,0.007823139910683756,0.9618327436637982,0.8837899464416027,1.0428273391510907,1,1,0.9929040670394897,28.634271748860677
l1_organ_curriculum_s43,../sample_data_reg/ncct_cect/vindr_ds/all_baseline_algorithms/B2_deeds__aligned/1.2.840.113619.2.278.3.717616.306.1582703665.824/1.2.840.113619.2.278.3.717616.306.1582703665.824_1.2.840.113619.2.278.3.717616.306.1582703665.961.4202498_deeds.nii.gz,1.2.840.113619.2.278.3.717616.306.1582703665.824_1.2.840.113619.2.278.3.717616.306.1582703665.961.4202498_deeds.nii.gz,25.977739064215722,0.918725837259518,0.012738118361714248,0.0025247948378433753,0.9656951860092785,19.611628513746787,0.9122387661100874,0.04382632761650083,0.010935462323468795,0.9124515970297514,20.208814127634685,0.8941022588629784,0.04587563773064696,0.009530563674028707,0.8933424321806825,0.2634676080137512,1.0105687836574204,0.000919749267629798,0.004344798937768768,1.4422285788233977,1.0081937380650772,1.0968588699804063,1,1,0.9785329699516296,16.15902633666992
l1_organ_curriculum_s43,../sample_data_reg/ncct_cect/vindr_ds/all_baseline_algorithms/B2_deeds__aligned/1.2.840.113619.2.278.3.717616.286.1587944967.557/1.2.840.113619.2.278.3.717616.286.1587944967.557_1.2.840.113619.2.278.3.717616.286.1587944967.658.4202498_deeds.nii.gz,1.2.840.113619.2.278.3.717616.286.1587944967.557_1.2.840.113619.2.278.3.717616.286.1587944967.658.4202498_deeds.nii.gz,30.87952582496915,0.9422850353401415,0.008935285295656086,0.0008166715330048932,0.9889623977163116,24.14249431750726,0.9645351587001727,0.028675636783407593,0.003852570264274909,0.9642655188506113,26.47574417216029,0.9700114236776771,0.023357962068090512,0.002251259625915515,0.9696770471577936,0.3603996687642131,0.8027716436250556,0.0019876867781587803,0.006511172272971596,1.3249413591287598,0.8803496144538137,1.0809928675697846,1,1,0.9940384030342102,6.668239048549107
l1_organ_curriculum_s43,../sample_data_reg/ncct_cect/vindr_ds/all_baseline_algorithms/B2_deeds__aligned/1.2.840.113619.2.278.3.717616.260.1578649386.487/1.2.840.113619.2.278.3.717616.260.1578649386.487_1.2.840.113619.2.278.3.717616.260.1578649386.582.4202498_deeds.nii.gz,1.2.840.113619.2.278.3.717616.260.1578649386.487_1.2.840.113619.2.278.3.717616.260.1578649386.582.4202498_deeds.nii.gz,31.788203618422347,0.9479253440197044,0.007269303748388334,0.0006624904743917504,0.9920294327254217,25.181401165327525,0.9728706098931434,0.025456776116572988,0.003032912517036897,0.9726613887412474,26.507976918726747,0.9755827829280259,0.02374437008604337,0.002234612933906684,0.9753471876029214,0.2792026956705792,0.8707425825026452,0.0015476634090572092,0.006237792919370751,1.632299475143349,0.8849393190028494,1.0853761209573403,1,1,0.9861100912094116,10.171557290213448
l1_organ_curriculum_s43,../sample_data_reg/ncct_cect/vindr_ds/all_baseline_algorithms/B2_deeds__aligned/1.2.840.113619.2.278.3.717616.260.1578649359.241/1.2.840.113619.2.278.3.717616.260.1578649359.241_1.2.840.113619.2.278.3.717616.260.1578649359.370.4202498_deeds.nii.gz,1.2.840.113619.2.278.3.717616.260.1578649359.241_1.2.840.113619.2.278.3.717616.260.1578649359.370.4202498_deeds.nii.gz,30.374336533418575,0.9468859946901258,0.009272832155768816,0.0009174160772619374,0.9881858051229465,24.436618060864518,0.9746035181470497,0.028355654759535453,0.0036002958835820607,0.9747417243704699,25.795725149483562,0.9715650710081751,0.02612563451684213,0.0026328582937805464,0.9715297240827684,0.3409245086953138,0.8223464888359648,0.0017959076149288568,0.005387113024238453,1.416150997980918,0.9001491547502739,1.0759956487116633,1,1,0.9908500909805298,9.966718401227679
l1_organ_curriculum_s43,../sample_data_reg/ncct_cect/vindr_ds/all_baseline_algorithms/B2_deeds__aligned/1.2.840.113619.2.278.3.717616.202.1592287869.821/1.2.840.113619.2.278.3.717616.202.1592287869.821_1.2.840.113619.2.278.3.717616.202.1592287869.941.4202498_deeds.nii.gz,1.2.840.113619.2.278.3.717616.202.1592287869.821_1.2.840.113619.2.278.3.717616.202.1592287869.941.4202498_deeds.nii.gz,31.6574538672644,0.9379882428526074,0.009458171800566175,0.0006827388452666547,0.989432049658036,25.21199209993734,0.9679988843112128,0.031492910923268724,0.00301162428138902,0.9678377661022525,27.331907022254423,0.9729686380993345,0.024944466635593996,0.0018484567684037547,0.9728735394272162,0.3650677479739467,0.7494036501262693,0.0025440242363454946,0.009177508868533952,1.2250951184534118,0.866605888227876,1.1476989539180964,1,1,0.997867226600647,17.109194946289062
l1_organ_curriculum_s44,../sample_data_reg/ncct_cect/vindr_ds/all_baseline_algorithms/B2_deeds__aligned/1.2.840.113619.2.278.3.717616.286.1587944968.878/1.2.840.113619.2.278.3.717616.286.1587944968.878_1.2.840.113619.2.278.3.717616.286.1587944968.981.4202498_deeds.nii.gz,1.2.840.113619.2.278.3.717616.286.1587944968.878_1.2.840.113619.2.278.3.717616.286.1587944968.981.4202498_deeds.nii.gz,29.096223881681293,0.9399618074023216,0.012850800224833784,0.0012313389342326203,0.9819275006214297,23.975444336458864,0.9613196041817509,0.03292722580616542,0.0040036450404152095,0.9614942094757742,25.28672891836024,0.9560452722512602,0.030806042106192748,0.0029602412641772935,0.9573071071863585,0.41221642573459505,0.8296096092551455,0.0011562405533130672,0.004762706696806774,1.3808694353763085,0.9617694883228363,1.1132014287649932,1,1,0.9423784017562866,14.592566426595052
l1_organ_curriculum_s44,../sample_data_reg/ncct_cect/vindr_ds/all_baseline_algorithms/B2_deeds__aligned/1.2.840.113619.2.278.3.717616.323.1577925255.997/1.2.840.113619.2.278.3.717616.323.1577925255.997_1.2.840.113619.2.278.3.717616.323.1577925256.95.4202498_deeds.nii.gz,1.2.840.113619.2.278.3.717616.323.1577925255.997_1.2.840.113619.2.278.3.717616.323.1577925256.95.4202498_deeds.nii.gz,31.42252252059045,0.9541176222910067,0.00824019063656763,0.0007206887586204244,0.9899908051240756,25.185086840051063,0.9803371757948788,0.029265113207310164,0.0030303397035380195,0.9811703422198572,26.74679881856244,0.9762265242114883,0.02435679881258864,0.0021150474653427965,0.9767130036173882,0.322091862414412,1.0157177482979498,0.0008721245752343658,0.004160522319457302,1.5745339559914837,0.9598400856294937,1.031678961025396,1,1,0.9739305377006531,25.008585611979168
l1_organ_curriculum_s44,../sample_data_reg/ncct_cect/vindr_ds/all_baseline_algorithms/B2_deeds__aligned/1.2.840.113619.2.278.3.717616.166.1580339223.519/1.2.840.113619.2.278.3.717616.166.1580339223.519_1.2.840.113619.2.278.3.717616.166.1580339223.616.4202498_deeds.nii.gz,1.2.840.113619.2.278.3.717616.166.1580339223.519_1.2.840.113619.2.278.3.717616.166.1580339223.616.4202498_deeds.nii.gz,32.09073617185804,0.9483737349840632,0.008233812988403552,0.0006179116491590468,0.9918166896279456,26.17444299442174,0.976486388940876,0.02555813023692911,0.0024129909915674127,0.976320124324853,27.28405837339882,0.9763056254769918,0.023619647966415233,0.001868934851182048,0.9760755003734799,0.32588956636968297,0.788345456777819,0.002029147379608316,0.00659584836836238,1.3603779590479566,0.8950659034660909,1.1080886401985925,1,1,0.9940006136894226,14.01701405843099
l1_organ_curriculum_s44,../sample_data_reg/ncct_cect/vindr_ds/all_baseline_algorithms/B2_deeds__aligned/1.2.840.113619.2.278.3.717616.166.1580339223.956/1.2.840.113619.2.278.3.717616.166.1580339223.956_1.2.840.113619.2.278.3.717616.166.1580339224.53.4202498_deeds.nii.gz,1.2.840.113619.2.278.3.717616.166.1580339223.956_1.2.840.113619.2.278.3.717616.166.1580339224.53.4202498_deeds.nii.gz,29.059282670102572,0.9368376849438868,0.010819030876459588,0.001241857409872209,0.9860144416133926,24.41105542924872,0.9696040209933244,0.02801718287920022,0.003621549762522139,0.9695117836871533,24.648836686625284,0.9619295320902549,0.029362212522769885,0.003428596135846827,0.9617189102900572,0.3605398557027855,0.7997400490772724,0.002290350047136821,0.0064678986965671795,1.3987703095153323,0.8693995800963945,1.11855047968159,1,1,0.9963544011116028,11.770070393880209
l1_organ_curriculum_s44,../sample_data_reg/ncct_cect/vindr_ds/all_baseline_algorithms/B2_deeds__aligned/1.2.840.113619.2.278.3.717616.286.1593493292.675/1.2.840.113619.2.278.3.717616.286.1593493292.675_1.2.840.113619.2.278.3.717616.286.1593493292.775.4202498_deeds.nii.gz,1.2.840.113619.2.278.3.717616.286.1593493292.675_1.2.840.113619.2.278.3.717616.286.1593493292.775.4202498_deeds.nii.gz,32.25737355268057,0.9526159519673992,0.008358960829851141,0.000594651672536798,0.9931098251132567,26.815082996850784,0.9820561449848337,0.021792327537156316,0.0020820526152921623,0.9819620659429432,28.608161505886546,0.982300693732812,0.019335950018547536,0.0013777926049031112,0.982133803394623,0.4253575697439112,0.8110515482069609,0.00273240513792952,0.006104587567753322,1.2970611412192072,0.8794822679052364,1.1134695488845159,1,1,0.9754657745361328,7.7349797566731775
l1_organ_curriculum_s44,../sample_data_reg/ncct_cect/vindr_ds/all_baseline_algorithms/B2_deeds__aligned/1.2.840.113619.2.278.3.717616.306.1582703661.35/1.2.840.113619.2.278.3.717616.306.1582703661.35_1.2.840.113619.2.278.3.717616.306.1582703661.129.4202498_deeds.nii.gz,1.2.840.113619.2.278.3.717616.306.1582703661.35_1.2.840.113619.2.278.3.717616.306.1582703661.129.4202498_deeds.nii.gz,28.920617295813106,0.9071273504759075,0.012034087033010215,0.0012821483281999129,0.9828278884919313,23.9249531228013,0.966388911853935,0.03222038456245138,0.004050463171317657,0.9662946774230755,24.42732835203273,0.9576832684934806,0.03234369035055432,0.0036080052831103135,0.9574425217669797,0.2882795300858457,0.80327920830812,0.001559680913438514,0.007192879814855173,1.3505803957807851,0.8927422436728598,1.072831345652197,1,1,0.9891126751899719,17.15820258004325
l1_organ_curriculum_s44,../sample_data_reg/ncct_cect/vindr_ds/all_baseline_algorithms/B2_deeds__aligned/1.2.392.200036.9116.2.5.1.37.2418751871.1526972837.526920/1.2.392.200036.9116.2.5.1.37.2418751871.1526972837.526920_1.2.392.200036.9116.2.5.1.37.2418751871.1526973364.470863_deeds.nii.gz,1.2.392.200036.9116.2.5.1.37.2418751871.1526972837.526920_1.2.392.200036.9116.2.5.1.37.2418751871.1526973364.470863_deeds.nii.gz,29.735926226970484,0.9370918999889988,0.010560406712935302,0.0010626919170562531,0.990549170256554,24.755723066561664,0.9752195488822487,0.03129520441785122,0.0033452431751744434,0.9758280346667331,25.258542741726867,0.9695555597013777,0.031193671615134692,0.0029795160267495208,0.9699822736062519,0.2830902040602605,0.7928312631298462,0.003758621232736932,0.010169299340435702,0.9425865075517779,0.7871974019735388,1.009713332376209,1,1,0.9972038269042969,20.340741293770925
l1_organ_curriculum_s44,../sample_data_reg/ncct_cect/vindr_ds/all_baseline_algorithms/B2_deeds__aligned/1.2.392.200036.9116.2.5.1.37.2418751871.1522984884.757455/1.2.392.200036.9116.2.5.1.37.2418751871.1522984884.757455_1.2.392.200036.9116.2.5.1.37.2418751871.1522985393.543093_deeds.nii.gz,1.2.392.200036.9116.2.5.1.37.2418751871.1522984884.757455_1.2.392.200036.9116.2.5.1.37.2418751871.1522985393.543093_deeds.nii.gz,29.923297176803665,0.9438086169033445,0.009677615531574394,0.0010178183638788047,0.9888388814201572,25.167250948357832,0.975360647922863,0.027479229972636222,0.003042810492530364,0.975367686659071,26.302462042076282,0.9744546268469186,0.026045122680465084,0.0023429002342408634,0.9744201996490622,0.2872439413280216,0.8351942126990473,0.003311959519583013,0.006968750942675456,1.0119171109527652,0.8847477069559008,1.0803795428153073,1,1,0.9985454678535461,12.81866455078125
l1_organ_curriculum_s44,../sample_data_reg/ncct_cect/vindr_ds/all_baseline_algorithms/B2_deeds__aligned/1.2.840.113619.2.278.3.717616.310.1589696975.113/1.2.840.113619.2.278.3.717616.310.1589696975.113_1.2.840.113619.2.278.3.717616.310.1589696975.214.4202498_deeds.nii.gz,1.2.840.113619.2.278.3.717616.310.1589696975.113_1.2.840.113619.2.278.3.717616.310.1589696975.214.4202498_deeds.nii.gz,30.53156453921966,0.9487440452845673,0.0081772710837304,0.0008847968057157794,0.9890543071854747,23.857780308105617,0.9694495145812976,0.028879666207227008,0.004113599146492098,0.9693027055911958,25.279253387112522,0.9673276068572015,0.02663793850141322,0.002965341129274798,0.9670261109958219,0.29022336311819963,0.7769400368721713,0.002149744610840893,0.006529991175976884,1.4722184513490686,0.8825189475511831,1.1367900320882152,1,1,0.9942315816879272,12.077540806361608
l1_organ_curriculum_s44,../sample_data_reg/ncct_cect/vindr_ds/all_baseline_algorithms/B2_deeds__aligned/1.2.392.200036.9116.2.5.1.37.2418751871.1574736893.449879/1.2.392.200036.9116.2.5.1.37.2418751871.1574736893.449879_1.2.392.200036.9116.2.5.1.37.2418751871.1574737469.513228_deeds.nii.gz,1.2.392.200036.9116.2.5.1.37.2418751871.1574736893.449879_1.2.392.200036.9116.2.5.1.37.2418751871.1574737469.513228_deeds.nii.gz,27.433343639895682,0.930827602687802,0.012380810098790213,0.001805783315334193,0.980982502067556,22.36142872986449,0.958145178944523,0.035447064969159385,0.0058057339068773185,0.9584964247615629,22.904745743750325,0.9485618509637511,0.0342927493200473,0.005123012618923774,0.9484328891498512,0.31846080952428396,0.8491053794387822,0.002964204820901467,0.006392432806685787,1.0085367290212894,1.0542823639923822,1.2457948319873857,1,1,0.987502932548523,14.367638724190849
l1_organ_curriculum_s44,../sample_data_reg/ncct_cect/vindr_ds/all_baseline_algorithms/B2_deeds__aligned/1.2.840.113619.2.278.3.717616.259.1592554882.977/1.2.840.113619.2.278.3.717616.259.1592554882.977_1.2.840.113619.2.278.3.717616.259.1592554883.67.4202498_deeds.nii.gz,1.2.840.113619.2.278.3.717616.259.1592554882.977_1.2.840.113619.2.278.3.717616.259.1592554883.67.4202498_deeds.nii.gz,32.635550063980816,0.9571195247422308,0.008076501544903273,0.0005450608555918467,0.992764845446114,26.717278245457212,0.9845094646364996,0.024341497024709308,0.002129473183938846,0.9844945627010615,28.504763546622502,0.9835483989091689,0.020538248589280095,0.0014109890562335318,0.9835043406186837,0.38002527931945435,0.7971737858290722,0.0020716536536346283,0.0061871590726888925,1.498467945014252,0.8958716643911544,1.1004609672340058,1,1,0.997358500957489,12.189963785807292
l1_organ_curriculum_s44,../sample_data_reg/ncct_cect/vindr_ds/all_baseline_algorithms/B2_deeds__aligned/1.2.840.113619.2.278.3.717616.249.1585713660.403/1.2.840.113619.2.278.3.717616.249.1585713660.403_1.2.840.113619.2.278.3.717616.249.1585713660.663.12_deeds.nii.gz,1.2.840.113619.2.278.3.717616.249.1585713660.403_1.2.840.113619.2.278.3.717616.249.1585713660.663.12_deeds.nii.gz,28.94825112158432,0.935046674007225,0.010046005319632494,0.0012740160165118902,0.980325910392173,22.359299879645455,0.9468157490431889,0.03888341671872309,0.005808580493270877,0.9477632880217306,22.735442603022193,0.9377975412763644,0.03882288007475497,0.0053266693581151174,0.9382086706346648,0.2348892779970323,0.6654148200721065,0.0023947369250021835,0.008953262689619268,1.504088621211901,0.9009101188848859,1.2490979726671692,1,1,0.9931619763374329,15.141175079345704
l1_organ_curriculum_s44,../sample_data_reg/ncct_cect/vindr_ds/all_baseline_algorithms/B2_deeds__aligned/1.2.840.113619.2.278.3.717616.306.1582703645.873/1.2.840.113619.2.278.3.717616.306.1582703645.873_1.2.840.113619.2.278.3.717616.306.1582703646.13.4202498_deeds.nii.gz,1.2.840.113619.2.278.3.717616.306.1582703645.873_1.2.840.113619.2.278.3.717616.306.1582703646.13.4202498_deeds.nii.gz,30.967886214612776,0.9531279708634341,0.007526991666237948,0.0008002236427470471,0.9879732144497452,24.18543368360848,0.9663416568131664,0.02790068784879139,0.0038146669936411663,0.9661490718381647,25.32782081148183,0.9657916469101542,0.026202430071657963,0.0029323642682216886,0.9654658078107843,0.2514754137276546,0.8789373556840617,0.001273759843290839,0.004922233484504541,1.5411532120474107,0.9417698785643162,1.084102399201834,1,1,0.9975288510322571,6.14205322265625
l1_organ_curriculum_s44,../sample_data_reg/ncct_cect/vindr_ds/all_baseline_algorithms/B2_deeds__aligned/1.2.840.113619.2.278.3.717616.286.1587944983.828/1.2.840.113619.2.278.3.717616.286.1587944983.828_1.2.840.113619.2.278.3.717616.286.1587944983.915.4202498_deeds.nii.gz,1.2.840.113619.2.278.3.717616.286.1587944983.828_1.2.840.113619.2.278.3.717616.286.1587944983.915.4202498_deeds.nii.gz,33.307354545833846,0.9531002914313734,0.006799080005590034,0.0004669437270256093,0.9932560638915626,27.412299621917185,0.9848368922579825,0.023719790915946795,0.0018145545880574147,0.9848918600080803,27.64985775829327,0.9803840623029936,0.024066867914549255,0.0017179646536387148,0.9803766847283121,0.241579215748046,0.8237862386763986,0.0014041224860017196,0.006041086407351161,1.643547491759406,0.9180261844241464,1.0956346810978153,1,1,0.9879122972488403,14.360404968261719
l1_organ_curriculum_s44,../sample_data_reg/ncct_cect/vindr_ds/all_baseline_algorithms/B2_deeds__aligned/1.2.392.200036.9116.2.5.1.37.2418751871.1432695579.168588/1.2.392.200036.9116.2.5.1.37.2418751871.1432695579.168588_1.2.392.200036.9116.2.5.1.37.2418751871.1432696175.178596_deeds.nii.gz,1.2.392.200036.9116.2.5.1.37.2418751871.1432695579.168588_1.2.392.200036.9116.2.5.1.37.2418751871.1432696175.178596_deeds.nii.gz,29.823705506477744,0.913390548344386,0.011817576834488598,0.0010414284780237582,0.9877915408221067,25.395777991577727,0.9754449184425252,0.030158524981190673,0.0028868365873238573,0.9758528369382057,26.32826298717243,0.9727131286305278,0.02821234752195588,0.002329022591900807,0.9730684806064577,0.317671122707103,0.7979909253249746,0.002399043360777712,0.008036122179459086,0.9596442739692315,0.8935041870881693,1.0627686025053429,1,1,0.9869207143783569,29.371329752604165
l1_organ_curriculum_s44,../sample_data_reg/ncct_cect/vindr_ds/all_baseline_algorithms/B2_deeds__aligned/1.2.840.113619.2.278.3.717616.306.1582703665.824/1.2.840.113619.2.278.3.717616.306.1582703665.824_1.2.840.113619.2.278.3.717616.306.1582703665.961.4202498_deeds.nii.gz,1.2.840.113619.2.278.3.717616.306.1582703665.824_1.2.840.113619.2.278.3.717616.306.1582703665.961.4202498_deeds.nii.gz,25.985185757733646,0.9228239391814065,0.012613489275060535,0.002520469371064359,0.9657755572325236,19.625485140425308,0.912367714757495,0.04387909038855602,0.010900627171725127,0.912589931283092,20.21602567687463,0.8940411892227605,0.04591454833082334,0.009514751109108708,0.8932669256330094,0.2634676080137512,1.0042671312443567,0.0009646751002989431,0.0045217175162797245,1.4475207051105181,1.0017556196986535,1.095999230888258,1,1,0.9850678443908691,17.15646947224935
l1_organ_curriculum_s44,../sample_data_reg/ncct_cect/vindr_ds/all_baseline_algorithms/B2_deeds__aligned/1.2.840.113619.2.278.3.717616.286.1587944967.557/1.2.840.113619.2.278.3.717616.286.1587944967.557_1.2.840.113619.2.278.3.717616.286.1587944967.658.4202498_deeds.nii.gz,1.2.840.113619.2.278.3.717616.286.1587944967.557_1.2.840.113619.2.278.3.717616.286.1587944967.658.4202498_deeds.nii.gz,30.874270624877237,0.9464627831441804,0.008952959504834917,0.0008176603482399966,0.988973547125949,24.170230647754995,0.9646804218748203,0.028760694323329374,0.003828044125673795,0.9644225328099655,26.469906552746203,0.9699380294566721,0.023605411968921543,0.0022542877171965597,0.9696385380609116,0.3603996687642131,0.7835672571237597,0.002053880978511297,0.00682153631498376,1.328525835457099,0.8779001995377328,1.0846545720039764,1,1,0.9955194592475891,7.215681893484933
l1_organ_curriculum_s44,../sample_data_reg/ncct_cect/vindr_ds/all_baseline_algorithms/B2_deeds__aligned/1.2.840.113619.2.278.3.717616.260.1578649386.487/1.2.840.113619.2.278.3.717616.260.1578649386.487_1.2.840.113619.2.278.3.717616.260.1578649386.582.4202498_deeds.nii.gz,1.2.840.113619.2.278.3.717616.260.1578649386.487_1.2.840.113619.2.278.3.717616.260.1578649386.582.4202498_deeds.nii.gz,31.772096263725654,0.950089481565989,0.007292411282431127,0.0006649521179372478,0.9920127691860348,25.129587144063752,0.9724369361181286,0.02588486622287055,0.0030693137545145877,0.9722540872477686,26.469343778456903,0.9752854251746021,0.024093990107897357,0.002254579854772046,0.975080047140242,0.2792026956705792,0.8644565111918209,0.001666204195481736,0.006143216040269664,1.650834152849764,0.8813186990824013,1.0944499088603825,1,1,0.996813952922821,10.145524161202568
l1_organ_curriculum_s44,../sample_data_reg/ncct_cect/vindr_ds/all_baseline_algorithms/B2_deeds__aligned/1.2.840.113619.2.278.3.717616.260.1578649359.241/1.2.840.113619.2.278.3.717616.260.1578649359.241_1.2.840.113619.2.278.3.717616.260.1578649359.370.4202498_deeds.nii.gz,1.2.840.113619.2.278.3.717616.260.1578649359.241_1.2.840.113619.2.278.3.717616.260.1578649359.370.4202498_deeds.nii.gz,30.382217660918457,0.9481571322945432,0.009199845565997148,0.0009157527550308983,0.988150095435552,24.45165375526902,0.9745698054484084,0.027961843428862185,0.003587852863414417,0.9746358211750566,25.79180538204689,0.9714260626165193,0.026042324240202443,0.002635235678558015,0.971342543210285,0.3409245086953138,0.8205693559252801,0.0018458440574029191,0.005475671244128214,1.4178498850405146,0.8973370636823874,1.0754353552210691,1,1,0.9908100366592407,9.681444985525948
l1_organ_curriculum_s44,../sample_data_reg/ncct_cect/vindr_ds/all_baseline_algorithms/B2_deeds__aligned/1.2.840.113619.2.278.3.717616.202.1592287869.821/1.2.840.113619.2.278.3.717616.202.1592287869.821_1.2.840.113619.2.278.3.717616.202.1592287869.941.4202498_deeds.nii.gz,1.2.840.113619.2.278.3.717616.202.1592287869.821_1.2.840.113619.2.278.3.717616.202.1592287869.941.4202498_deeds.nii.gz,31.6423886076581,0.9384520551835914,0.009568391667439271,0.0006851113134810304,0.9894163804105448,25.234889244767164,0.9678942878107649,0.03147807670872493,0.002995787991042189,0.967696027196989,27.316712974950125,0.972905016514012,0.025229545178209627,0.0018549350285589812,0.9728203717770865,0.3650677479739467,0.7368405465795798,0.0024964469585585652,0.009200696509145047,1.2343061361628584,0.873510793648696,1.1545359619037003,1,1,0.9976466298103333,13.99809315999349
pix2pixhd_baseline,../sample_data_reg/ncct_cect/vindr_ds/all_baseline_algorithms/B2_deeds__aligned/1.2.840.113619.2.278.3.717616.286.1587944968.878/1.2.840.113619.2.278.3.717616.286.1587944968.878_1.2.840.113619.2.278.3.717616.286.1587944968.981.4202498_deeds.nii.gz,1.2.840.113619.2.278.3.717616.286.1587944968.878_1.2.840.113619.2.278.3.717616.286.1587944968.981.4202498_deeds.nii.gz,27.490438077537235,0.9297472049055027,0.01633307890033587,0.0017821989860431582,0.9758610330444834,23.373647865741425,0.9558228077471526,0.03567763640145619,0.004598701424076306,0.9561530776969975,23.694209834903933,0.9395973448609859,0.039458696534720894,0.004271486287483261,0.9432629569837955,0.41221642573459505,0.9364271600186472,0.0006973210891667043,0.0012545174601716375,1.432052165151746,1.061296238412556,1.0436002767282502,1,1,0.9619632959365845,16.911210123697916
pix2pixhd_baseline,../sample_data_reg/ncct_cect/vindr_ds/all_baseline_algorithms/B2_deeds__aligned/1.2.840.113619.2.278.3.717616.323.1577925255.997/1.2.840.113619.2.278.3.717616.323.1577925255.997_1.2.840.113619.2.278.3.717616.323.1577925256.95.4202498_deeds.nii.gz,1.2.840.113619.2.278.3.717616.323.1577925255.997_1.2.840.113619.2.278.3.717616.323.1577925256.95.4202498_deeds.nii.gz,30.98901987375889,0.945958538179066,0.008696578740080368,0.0007963390498527763,0.9887979256378874,25.00542642263455,0.9793611844552258,0.030442385428759416,0.003158328924966269,0.980111661766854,26.364858759107783,0.973803057566921,0.02644449494695316,0.002309479566401397,0.9741731607209493,0.322091862414412,1.1218235814074533,0.0005477661910361158,0.0005555577703859671,1.593927203302691,1.0640994879987296,0.9846866864299131,1,1,0.9694344401359558,23.257569376627604
pix2pixhd_baseline,../sample_data_reg/ncct_cect/vindr_ds/all_baseline_algorithms/B2_deeds__aligned/1.2.840.113619.2.278.3.717616.166.1580339223.519/1.2.840.113619.2.278.3.717616.166.1580339223.519_1.2.840.113619.2.278.3.717616.166.1580339223.616.4202498_deeds.nii.gz,1.2.840.113619.2.278.3.717616.166.1580339223.519_1.2.840.113619.2.278.3.717616.166.1580339223.616.4202498_deeds.nii.gz,31.914678715940134,0.954332187807956,0.008066951875845448,0.000643475666524501,0.9914377105836969,25.89178395626387,0.974665099109493,0.026899095434606394,0.0025752630960265846,0.9745114073168767,27.095750425525118,0.9750385647975378,0.024570017104335044,0.0019517534577892413,0.9748458762148463,0.32588956636968297,0.8444303869550651,0.0008314388616441138,0.002297346879903887,1.4053750418039215,0.9798763430906658,1.073756855483889,1,1,0.9882673025131226,14.623795064290364
pix2pixhd_baseline,../sample_data_reg/ncct_cect/vindr_ds/all_baseline_algorithms/B2_deeds__aligned/1.2.840.113619.2.278.3.717616.166.1580339223.956/1.2.840.113619.2.278.3.717616.166.1580339223.956_1.2.840.113619.2.278.3.717616.166.1580339224.53.4202498_deeds.nii.gz,1.2.840.113619.2.278.3.717616.166.1580339223.956_1.2.840.113619.2.278.3.717616.166.1580339224.53.4202498_deeds.nii.gz,28.966082125184705,0.9330287736261667,0.010896202575335679,0.001268795961028451,0.9855267586962029,24.323864323036034,0.9684017924831834,0.028657640317915248,0.0036949925551689874,0.9683002031087219,24.566783030931575,0.9605381229553644,0.030075914439961722,0.0034939903156449145,0.960363973617844,0.3605398557027855,0.8454580975406168,0.0009614952746664731,0.00205457451597988,1.4191772312411395,0.962917855036797,1.0738037386777657,1,1,0.9746965169906616,10.495614624023437
pix2pixhd_baseline,../sample_data_reg/ncct_cect/vindr_ds/all_baseline_algorithms/B2_deeds__aligned/1.2.840.113619.2.278.3.717616.286.1593493292.675/1.2.840.113619.2.278.3.717616.286.1593493292.675_1.2.840.113619.2.278.3.717616.286.1593493292.775.4202498_deeds.nii.gz,1.2.840.113619.2.278.3.717616.286.1593493292.675_1.2.840.113619.2.278.3.717616.286.1593493292.775.4202498_deeds.nii.gz,32.083559770569536,0.9498416531408673,0.008738090263019561,0.0006189335474115594,0.9928242335658387,26.48111636606318,0.9805326152667799,0.02351419141946418,0.002248476554382569,0.980551947855571,28.40623157650841,0.9812685349855653,0.020438872657866276,0.0014433672347669536,0.9812000589025578,0.4253575697439112,0.87409641156381,0.001043224393655026,0.001769082363637124,1.329812730862212,0.9810154826556784,1.0701859101908444,1,1,0.9449771046638489,11.479223124186198
pix2pixhd_baseline,../sample_data_reg/ncct_cect/vindr_ds/all_baseline_algorithms/B2_deeds__aligned/1.2.840.113619.2.278.3.717616.306.1582703661.35/1.2.840.113619.2.278.3.717616.306.1582703661.35_1.2.840.113619.2.278.3.717616.306.1582703661.129.4202498_deeds.nii.gz,1.2.840.113619.2.278.3.717616.306.1582703661.35_1.2.840.113619.2.278.3.717616.306.1582703661.129.4202498_deeds.nii.gz,28.991416053195508,0.9319166990604482,0.01079012819823415,0.0012614161723202015,0.9830340111972115,23.534282706424996,0.9631569022258022,0.03409338489827415,0.0044317140394116465,0.9630710840231421,24.01338199007799,0.9534199322811859,0.034109176154962846,0.003968823641040851,0.953154199947325,0.2882795300858457,0.8787221224237565,0.0006549375892266073,0.002859641753078735,1.4296012888380636,0.9584018591482528,1.034682158130292,1,1,0.9900053143501282,20.60186549595424
pix2pixhd_baseline,../sample_data_reg/ncct_cect/vindr_ds/all_baseline_algorithms/B2_deeds__aligned/1.2.392.200036.9116.2.5.1.37.2418751871.1526972837.526920/1.2.392.200036.9116.2.5.1.37.2418751871.1526972837.526920_1.2.392.200036.9116.2.5.1.37.2418751871.1526973364.470863_deeds.nii.gz,1.2.392.200036.9116.2.5.1.37.2418751871.1526972837.526920_1.2.392.200036.9116.2.5.1.37.2418751871.1526973364.470863_deeds.nii.gz,29.398853600388357,0.9302234686693469,0.011051854368382375,0.001148456737621795,0.9898797658412528,23.94437967535804,0.970731463063555,0.0360412112968147,0.004032385389179867,0.9719010697980914,24.622284068962696,0.9651402431124658,0.03453912550559486,0.0034496226688581037,0.9660172387862644,0.2830902040602605,0.8895834480741351,0.0013616265963373828,0.0025880316179355896,1.030440470418928,1.014717120429884,1.1019142325384461,1,1,0.9730895757675171,26.80511256626674
pix2pixhd_baseline,../sample_data_reg/ncct_cect/vindr_ds/all_baseline_algorithms/B2_deeds__aligned/1.2.392.200036.9116.2.5.1.37.2418751871.1522984884.757455/1.2.392.200036.9116.2.5.1.37.2418751871.1522984884.757455_1.2.392.200036.9116.2.5.1.37.2418751871.1522985393.543093_deeds.nii.gz,1.2.392.200036.9116.2.5.1.37.2418751871.1522984884.757455_1.2.392.200036.9116.2.5.1.37.2418751871.1522985393.543093_deeds.nii.gz,30.11325629103206,0.9403230162131725,0.009636993966436599,0.0009742588754788711,0.9893526250339258,24.53915883292918,0.9717510712126936,0.03100432468978996,0.003516285394148016,0.9719514140487507,25.855695784344128,0.9715896782212431,0.028400893368270206,0.0025967516817970433,0.9717979390243408,0.2872439413280216,0.8977601499345883,0.0012702614807456796,0.0008771481000554,1.0679496100598866,1.0683977508568363,1.134894835241631,1,1,0.9941627383232117,16.60216576712472
pix2pixhd_baseline,../sample_data_reg/ncct_cect/vindr_ds/all_baseline_algorithms/B2_deeds__aligned/1.2.840.113619.2.278.3.717616.310.1589696975.113/1.2.840.113619.2.278.3.717616.310.1589696975.113_1.2.840.113619.2.278.3.717616.310.1589696975.214.4202498_deeds.nii.gz,1.2.840.113619.2.278.3.717616.310.1589696975.113_1.2.840.113619.2.278.3.717616.310.1589696975.214.4202498_deeds.nii.gz,30.226683190331002,0.9434349090741794,0.008434229097368991,0.0009491430695756834,0.988283925662416,23.45201423714623,0.9664588650333643,0.03177387286749332,0.004516464243285071,0.966284478741789,24.993210519956804,0.9651324905780317,0.028217853522681687,0.00316722522761146,0.9648170974274769,0.29022336311819963,0.8640141790096476,0.0005267459697679707,0.0008942686281822605,1.507682234233556,1.0042724179453508,1.0796790364427893,1,1,0.9836742281913757,13.993574687412806
pix2pixhd_baseline,../sample_data_reg/ncct_cect/vindr_ds/all_baseline_algorithms/B2_deeds__aligned/1.2.392.200036.9116.2.5.1.37.2418751871.1574736893.449879/1.2.392.200036.9116.2.5.1.37.2418751871.1574736893.449879_1.2.392.200036.9116.2.5.1.37.2418751871.1574737469.513228_deeds.nii.gz,1.2.392.200036.9116.2.5.1.37.2418751871.1574736893.449879_1.2.392.200036.9116.2.5.1.37.2418751871.1574737469.513228_deeds.nii.gz,27.25850410099539,0.9243127147720865,0.012891575971647492,0.0018799642467131226,0.9801855317461513,21.967116868266828,0.9542552632811909,0.03940107154236285,0.0063575284624327565,0.9548234648929372,22.6156962219269,0.9447896524776923,0.03714345723515702,0.005475583142919643,0.9447574871204505,0.31846080952428396,0.9442244232615815,0.0005540778352069631,0.0009083242800885134,1.0675666493365532,1.2589142915552023,1.2860539975069927,1,1,0.9664859771728516,18.727434975760325
pix2pixhd_baseline,../sample_data_reg/ncct_cect/vindr_ds/all_baseline_algorithms/B2_deeds__aligned/1.2.840.113619.2.278.3.717616.259.1592554882.977/1.2.840.113619.2.278.3.717616.259.1592554882.977_1.2.840.113619.2.278.3.717616.259.1592554883.67.4202498_deeds.nii.gz,1.2.840.113619.2.278.3.717616.259.1592554882.977_1.2.840.113619.2.278.3.717616.259.1592554883.67.4202498_deeds.nii.gz,32.16629650372007,0.9560612758247918,0.008808905943158763,0.000607253951663546,0.9920018092172278,26.38169690424899,0.9831281032462776,0.025536538380974486,0.0023005427584281875,0.9831521974520768,28.01310965175878,0.9815717989264501,0.023036885127923016,0.0015801162333230325,0.9818159193743388,0.38002527931945435,0.8607878382197187,0.0006250125474368405,0.0022679187798538233,1.5210675809039573,0.9847869268472665,1.0529198409049958,1,1,0.9752883911132812,16.55650939941406
pix2pixhd_baseline,../sample_data_reg/ncct_cect/vindr_ds/all_baseline_algorithms/B2_deeds__aligned/1.2.840.113619.2.278.3.717616.249.1585713660.403/1.2.840.113619.2.278.3.717616.249.1585713660.403_1.2.840.113619.2.278.3.717616.249.1585713660.663.12_deeds.nii.gz,1.2.840.113619.2.278.3.717616.249.1585713660.403_1.2.840.113619.2.278.3.717616.249.1585713660.663.12_deeds.nii.gz,28.952363224467238,0.9480178816115717,0.009223100556948848,0.0012728102895858552,0.9803808459910811,22.218359669737065,0.9452960695102052,0.039791336520598165,0.006000176601333443,0.9464200844133863,22.700012704624584,0.9370139932853504,0.038740773693170874,0.005370302253677033,0.9375649273114705,0.2348892779970323,0.729050370902077,0.0014131153772786553,0.00441626943442414,1.5330848435197004,0.9768893360934916,1.1868483906313216,1,1,0.5113073587417603,22.649419403076173
pix2pixhd_baseline,../sample_data_reg/ncct_cect/vindr_ds/all_baseline_algorithms/B2_deeds__aligned/1.2.840.113619.2.278.3.717616.306.1582703645.873/1.2.840.113619.2.278.3.717616.306.1582703645.873_1.2.840.113619.2.278.3.717616.306.1582703646.13.4202498_deeds.nii.gz,1.2.840.113619.2.278.3.717616.306.1582703645.873_1.2.840.113619.2.278.3.717616.306.1582703646.13.4202498_deeds.nii.gz,30.35205455999058,0.9497878646059041,0.007810915546935469,0.0009221350803587596,0.9861073315616927,23.90494503567265,0.9637681458015113,0.030471383836714036,0.00406916683715817,0.9636591851136356,25.080343201861027,0.9634108281788322,0.027993128564068423,0.003104314259538298,0.9631663926203737,0.2514754137276546,0.8882776298859173,0.0002553824362753181,0.0010814012383649275,1.5106749802382522,1.0136777455965735,1.0299511345247103,1,1,0.9903110265731812,11.087736002604167
pix2pixhd_baseline,../sample_data_reg/ncct_cect/vindr_ds/all_baseline_algorithms/B2_deeds__aligned/1.2.840.113619.2.278.3.717616.286.1587944983.828/1.2.840.113619.2.278.3.717616.286.1587944983.828_1.2.840.113619.2.278.3.717616.286.1587944983.915.4202498_deeds.nii.gz,1.2.840.113619.2.278.3.717616.286.1587944983.828_1.2.840.113619.2.278.3.717616.286.1587944983.915.4202498_deeds.nii.gz,33.28515703618261,0.9652217875405916,0.006276426223122338,0.0004693364633120011,0.9932455879175371,27.10144465664181,0.983775281493195,0.025083481699225356,0.001949196102571218,0.9840205244524157,27.383638354178856,0.9791059445675515,0.025151321553952343,0.0018265693445746075,0.9792334629600318,0.241579215748046,0.8874672407692044,0.0005892430014546848,0.0020763759684386887,1.7007682444589034,0.9807823346460092,1.0496272807991018,1,1,0.9758003354072571,18.68519032796224
pix2pixhd_baseline,../sample_data_reg/ncct_cect/vindr_ds/all_baseline_algorithms/B2_deeds__aligned/1.2.392.200036.9116.2.5.1.37.2418751871.1432695579.168588/1.2.392.200036.9116.2.5.1.37.2418751871.1432695579.168588_1.2.392.200036.9116.2.5.1.37.2418751871.1432696175.178596_deeds.nii.gz,1.2.392.200036.9116.2.5.1.37.2418751871.1432695579.168588_1.2.392.200036.9116.2.5.1.37.2418751871.1432696175.178596_deeds.nii.gz,29.151930459119555,0.9227966517422955,0.012042556800284508,0.001215645520458907,0.9856981184392736,25.1696463067653,0.9741509974349054,0.03170268661418512,0.003041132688104321,0.9747188851367717,26.038770808806206,0.9707145538941376,0.030013522043055515,0.002489561843576507,0.9711717634995034,0.317671122707103,0.9141990748028529,0.000737363018649479,0.0028662247454305477,0.9997042456098477,1.0904329805691484,1.121817054249859,1,1,0.9859867095947266,29.447132873535157
pix2pixhd_baseline,../sample_data_reg/ncct_cect/vindr_ds/all_baseline_algorithms/B2_deeds__aligned/1.2.840.113619.2.278.3.717616.306.1582703665.824/1.2.840.113619.2.278.3.717616.306.1582703665.824_1.2.840.113619.2.278.3.717616.306.1582703665.961.4202498_deeds.nii.gz,1.2.840.113619.2.278.3.717616.306.1582703665.824_1.2.840.113619.2.278.3.717616.306.1582703665.961.4202498_deeds.nii.gz,25.821209565648417,0.9174166546784378,0.012773478250045316,0.0026174539123186664,0.9644372645855206,19.463745863917566,0.9089883906013295,0.046157344369495854,0.011314240697196642,0.9094545108593364,20.066708348117082,0.8901122671209427,0.04789867266283269,0.009847572008490625,0.8894200820769439,0.2634676080137512,1.0560712317569085,0.0002285805045339808,0.0007885396045947617,1.4843730941435644,1.096318809403266,1.055070041821925,1,1,0.9863771200180054,18.68640645345052
pix2pixhd_baseline,../sample_data_reg/ncct_cect/vindr_ds/all_baseline_algorithms/B2_deeds__aligned/1.2.840.113619.2.278.3.717616.286.1587944967.557/1.2.840.113619.2.278.3.717616.286.1587944967.557_1.2.840.113619.2.278.3.717616.286.1587944967.658.4202498_deeds.nii.gz,1.2.840.113619.2.278.3.717616.286.1587944967.557_1.2.840.113619.2.278.3.717616.286.1587944967.658.4202498_deeds.nii.gz,30.698035323188297,0.9489906213436626,0.009115537813247329,0.0008515231661591815,0.988502241501749,24.06742695203873,0.9635518516481216,0.03028026288077974,0.003919740396918105,0.9632897735500878,26.289228867640546,0.968405376234219,0.025206233984187525,0.0023500500581940136,0.9682188041056965,0.3603996687642131,0.8758388627591877,0.0006637587858343954,0.002344660428337666,1.3456452253535267,0.9762871751312071,1.0458611102380435,1,1,0.9834839701652527,7.753147125244141
pix2pixhd_baseline,../sample_data_reg/ncct_cect/vindr_ds/all_baseline_algorithms/B2_deeds__aligned/1.2.840.113619.2.278.3.717616.260.1578649386.487/1.2.840.113619.2.278.3.717616.260.1578649386.487_1.2.840.113619.2.278.3.717616.260.1578649386.582.4202498_deeds.nii.gz,1.2.840.113619.2.278.3.717616.260.1578649386.487_1.2.840.113619.2.278.3.717616.260.1578649386.582.4202498_deeds.nii.gz,31.429152252699502,0.942835965925883,0.007535130750068636,0.0007195894288926381,0.9913190444091408,24.88000374660418,0.970862243676175,0.028141003490042053,0.0032508701693680945,0.970768712878516,26.224864033417923,0.9736121735740748,0.02567354979987029,0.0023851384669293326,0.9735525111469829,0.2792026956705792,0.87967523118725,0.00034247198961200417,0.0014068494593808454,1.6217862046021008,0.9870026783359899,1.0400842312432443,0,0,0.13746079802513123,14.006071363176618
pix2pixhd_baseline,../sample_data_reg/ncct_cect/vindr_ds/all_baseline_algorithms/B2_deeds__aligned/1.2.840.113619.2.278.3.717616.260.1578649359.241/1.2.840.113619.2.278.3.717616.260.1578649359.241_1.2.840.113619.2.278.3.717616.260.1578649359.370.4202498_deeds.nii.gz,1.2.840.113619.2.278.3.717616.260.1578649359.241_1.2.840.113619.2.278.3.717616.260.1578649359.370.4202498_deeds.nii.gz,30.121534736123042,0.9462647061378642,0.009432691524664166,0.0009724035292081079,0.9874842591094688,24.168707495817657,0.9727742434942864,0.029404032649595045,0.0038293869277712836,0.9728126921523417,25.524744763676534,0.9696381978306701,0.027294128239222115,0.0028023703130703177,0.9696109023618212,0.3409245086953138,0.8770406588837009,0.0004797447717856253,0.0016964453495332376,1.4227824509190121,0.9752682594665009,1.0297010183885107,1,1,0.9909824132919312,12.810221535818917
pix2pixhd_baseline,../sample_data_reg/ncct_cect/vindr_ds/all_baseline_algorithms/B2_deeds__aligned/1.2.840.113619.2.278.3.717616.202.1592287869.821/1.2.840.113619.2.278.3.717616.202.1592287869.821_1.2.840.113619.2.278.3.717616.202.1592287869.941.4202498_deeds.nii.gz,1.2.840.113619.2.278.3.717616.202.1592287869.821_1.2.840.113619.2.278.3.717616.202.1592287869.941.4202498_deeds.nii.gz,30.704906750401815,0.9370019817346267,0.010967075965901199,0.0008501769475772437,0.9870227146733491,24.783410564087085,0.9642095095945975,0.03387344295752942,0.0033239841450468694,0.9640922894594813,26.37093153465193,0.9662730153459061,0.029880126350162937,0.0023062524588554675,0.966789846571773,0.3650677479739467,0.8363979698191116,0.0009426430086647252,0.00408179274249595,1.2861222203145828,0.9794691363735034,1.1003813918542744,1,1,0.9982954263687134,16.25860341389974
