{
  "n_cases": 410,
  "n_studies": 137,
  "feature_sources": {
    "mask": 410
  },
  "oof_accuracy": 0.8780487804878049,
  "oof_confusion": [
    [
      136,
      0,
      1
    ],
    [
      2,
      107,
      27
    ],
    [
      2,
      18,
      117
    ]
  ],
  "oof_report": {
    "non-contrast": {
      "precision": 0.9714285714285714,
      "recall": 0.9927007299270073,
      "f1-score": 0.9819494584837545,
      "support": 137.0
    },
    "arterial": {
      "precision": 0.856,
      "recall": 0.7867647058823529,
      "f1-score": 0.8199233716475096,
      "support": 136.0
    },
    "venous": {
      "precision": 0.8068965517241379,
      "recall": 0.8540145985401459,
      "f1-score": 0.8297872340425532,
      "support": 137.0
    },
    "accuracy": 0.8780487804878049,
    "macro avg": {
      "precision": 0.8781083743842365,
      "recall": 0.877826678116502,
      "f1-score": 0.8772200213912725,
      "support": 410.0
    },
    "weighted avg": {
      "precision": 0.8781622972485883,
      "recall": 0.8780487804878049,
      "f1-score": 0.8773597693174768,
      "support": 410.0
    }
  },
  "fold_reports": [
    {
      "0": {
        "precision": 0.9655172413793104,
        "recall": 1.0,
        "f1-score": 0.9824561403508771,
        "support": 28.0
      },
      "1": {
        "precision": 0.7666666666666667,
        "recall": 0.8214285714285714,
        "f1-score": 0.7931034482758621,
        "support": 28.0
      },
      "2": {
        "precision": 0.84,
        "recall": 0.75,
        "f1-score": 0.7924528301886793,
        "support": 28.0
      },
      "accuracy": 0.8571428571428571,
      "macro avg": {
        "precision": 0.8573946360153256,
        "recall": 0.8571428571428571,
        "f1-score": 0.8560041396051394,
        "support": 84.0
      },
      "weighted avg": {
        "precision": 0.8573946360153257,
        "recall": 0.8571428571428571,
        "f1-score": 0.8560041396051397,
        "support": 84.0
      }
    },
    {
      "0": {
        "precision": 0.9333333333333333,
        "recall": 1.0,
        "f1-score": 0.9655172413793104,
        "support": 28.0
      },
      "1": {
        "precision": 0.9166666666666666,
        "recall": 0.7857142857142857,
        "f1-score": 0.8461538461538461,
        "support": 28.0
      },
      "2": {
        "precision": 0.8333333333333334,
        "recall": 0.8928571428571429,
        "f1-score": 0.8620689655172413,
        "support": 28.0
      },
      "accuracy": 0.8928571428571429,
      "macro avg": {
        "precision": 0.8944444444444445,
        "recall": 0.8928571428571428,
        "f1-score": 0.8912466843501327,
        "support": 84.0
      },
      "weighted avg": {
        "precision": 0.8944444444444444,
        "recall": 0.8928571428571429,
        "f1-score": 0.8912466843501325,
        "support": 84.0
      }
    },
    {
      "0": {
        "precision": 0.9642857142857143,
        "recall": 1.0,
        "f1-score": 0.9818181818181818,
        "support": 27.0
      },
      "1": {
        "precision": 0.8076923076923077,
        "recall": 0.7777777777777778,
        "f1-score": 0.7924528301886793,
        "support": 27.0
      },
      "2": {
        "precision": 0.7777777777777778,
        "recall": 0.7777777777777778,
        "f1-score": 0.7777777777777778,
        "support": 27.0
      },
      "accuracy": 0.8518518518518519,
      "macro avg": {
        "precision": 0.8499185999185999,
        "recall": 0.8518518518518517,
        "f1-score": 0.8506829299282129,
        "support": 81.0
      },
      "weighted avg": {
        "precision": 0.8499185999186,
        "recall": 0.8518518518518519,
        "f1-score": 0.8506829299282129,
        "support": 81.0
      }
    },
    {
      "0": {
        "precision": 1.0,
        "recall": 0.9629629629629629,
        "f1-score": 0.9811320754716981,
        "support": 27.0
      },
      "1": {
        "precision": 0.8695652173913043,
        "recall": 0.7692307692307693,
        "f1-score": 0.8163265306122449,
        "support": 26.0
      },
      "2": {
        "precision": 0.7741935483870968,
        "recall": 0.8888888888888888,
        "f1-score": 0.8275862068965517,
        "support": 27.0
      },
      "accuracy": 0.875,
      "macro avg": {
        "precision": 0.8812529219261336,
        "recall": 0.8736942070275404,
        "f1-score": 0.8750149376601649,
        "support": 80.0
      },
      "weighted avg": {
        "precision": 0.8813990182328191,
        "recall": 0.875,
        "f1-score": 0.8757485427482639,
        "support": 80.0
      }
    },
    {
      "0": {
        "precision": 1.0,
        "recall": 1.0,
        "f1-score": 1.0,
        "support": 27.0
      },
      "1": {
        "precision": 0.9545454545454546,
        "recall": 0.7777777777777778,
        "f1-score": 0.8571428571428571,
        "support": 27.0
      },
      "2": {
        "precision": 0.8125,
        "recall": 0.9629629629629629,
        "f1-score": 0.8813559322033898,
        "support": 27.0
      },
      "accuracy": 0.9135802469135802,
      "macro avg": {
        "precision": 0.9223484848484849,
        "recall": 0.9135802469135802,
        "f1-score": 0.9128329297820823,
        "support": 81.0
      },
      "weighted avg": {
        "precision": 0.922348484848485,
        "recall": 0.9135802469135802,
        "f1-score": 0.9128329297820823,
        "support": 81.0
      }
    }
  ],
  "organs": [
    "liver",
    "pancreas",
    "urinary_bladder",
    "gallbladder",
    "heart",
    "aorta",
    "inferior_vena_cava",
    "portal_vein_and_splenic_vein",
    "iliac_vena_left",
    "iliac_vena_right",
    "iliac_artery_left",
    "iliac_artery_right",
    "pulmonary_vein",
    "brain",
    "colon",
    "small_bowel"
  ]
}