model,_key,case,psnr,ssim,mae,mse,pcc,org_psnr,org_ssim,org_mae,org_mse,org_pcc,body_psnr,body_ssim,body_mae,body_mse,body_pcc,body_frac,raps_hf,grad_w1,org_grad_w1,seam,zflicker,zaniso,phase_match,agree_real,gen_prob,feature_l1_hu
l1_adv_organ_s42,../sample_data_reg/ncct_cect/vindr_ds/all_baseline_algorithms/B2_deeds__aligned/1.2.840.113619.2.278.3.717616.286.1587944968.878/1.2.840.113619.2.278.3.717616.286.1587944968.878_1.2.840.113619.2.278.3.717616.286.1587944968.981.4202498_deeds.nii.gz,1.2.840.113619.2.278.3.717616.286.1587944968.878_1.2.840.113619.2.278.3.717616.286.1587944968.981.4202498_deeds.nii.gz,29.312511872511276,0.936793607192967,0.013072339125994268,0.0011715175871947878,0.9836531001671883,24.061473630729363,0.9631783142011392,0.03442203367249823,0.003925117272859108,0.9638727506847193,25.536407853439606,0.9598033502172332,0.031560028922273976,0.0027948545720529404,0.961755165612468,0.41221642573459505,0.9176564454851449,0.0008249268619743564,0.0021469788135456084,1.4138526756468348,1.0350798745281846,1.0781991619083218,1,1,0.9623416662216187,16.48279266357422
l1_adv_organ_s42,../sample_data_reg/ncct_cect/vindr_ds/all_baseline_algorithms/B2_deeds__aligned/1.2.840.113619.2.278.3.717616.323.1577925255.997/1.2.840.113619.2.278.3.717616.323.1577925255.997_1.2.840.113619.2.278.3.717616.323.1577925256.95.4202498_deeds.nii.gz,1.2.840.113619.2.278.3.717616.323.1577925255.997_1.2.840.113619.2.278.3.717616.323.1577925256.95.4202498_deeds.nii.gz,31.13839805481025,0.950959406150331,0.008267132591004946,0.0007694141952331772,0.9891730570938394,25.123989530504346,0.9799133090573195,0.02910613886894913,0.003073272337903676,0.9802726488605267,26.53107835317021,0.9751310940589873,0.0251141727487751,0.002222757911351136,0.9751688074990577,0.322091862414412,1.1077721813719748,0.0004420373081275111,0.0011754625829019298,1.5969336654751367,1.042685134866678,1.0098873954736651,1,1,0.9944723844528198,21.79322764078776
l1_adv_organ_s42,../sample_data_reg/ncct_cect/vindr_ds/all_baseline_algorithms/B2_deeds__aligned/1.2.840.113619.2.278.3.717616.166.1580339223.519/1.2.840.113619.2.278.3.717616.166.1580339223.519_1.2.840.113619.2.278.3.717616.166.1580339223.616.4202498_deeds.nii.gz,1.2.840.113619.2.278.3.717616.166.1580339223.519_1.2.840.113619.2.278.3.717616.166.1580339223.616.4202498_deeds.nii.gz,31.74113793484926,0.9556869952557118,0.008156352726357428,0.0006697091097922236,0.9913531920331683,25.693964107030723,0.9742971175414424,0.02741120288962158,0.0026952781419738113,0.9742352604812891,26.92732774464106,0.9748310686218015,0.02476471638500441,0.002028930755958387,0.9747329524601919,0.32588956636968297,0.8730182838569797,0.0008659720434989727,0.0025900372155309667,1.4127592237142097,0.978196591712858,1.087981595264403,1,1,0.9886032938957214,15.211696879069011
l1_adv_organ_s42,../sample_data_reg/ncct_cect/vindr_ds/all_baseline_algorithms/B2_deeds__aligned/1.2.840.113619.2.278.3.717616.166.1580339223.956/1.2.840.113619.2.278.3.717616.166.1580339223.956_1.2.840.113619.2.278.3.717616.166.1580339224.53.4202498_deeds.nii.gz,1.2.840.113619.2.278.3.717616.166.1580339223.956_1.2.840.113619.2.278.3.717616.166.1580339224.53.4202498_deeds.nii.gz,28.850910282469084,0.9348137838908994,0.011126364397550399,0.0013028936629484943,0.9855078710962242,24.17175240073227,0.9681323960436908,0.029795300320896455,0.0038267030271063223,0.9681015352560584,24.440336251735143,0.9604531415171266,0.030736213782249878,0.003597214827052908,0.9603369954299387,0.3605398557027855,0.8572572787648481,0.0012670990953326526,0.0030983293003036,1.4392594132647023,0.9403892606234139,1.0981524718558142,1,1,0.9883652925491333,10.468528747558594
l1_adv_organ_s42,../sample_data_reg/ncct_cect/vindr_ds/all_baseline_algorithms/B2_deeds__aligned/1.2.840.113619.2.278.3.717616.286.1593493292.675/1.2.840.113619.2.278.3.717616.286.1593493292.675_1.2.840.113619.2.278.3.717616.286.1593493292.775.4202498_deeds.nii.gz,1.2.840.113619.2.278.3.717616.286.1593493292.675_1.2.840.113619.2.278.3.717616.286.1593493292.775.4202498_deeds.nii.gz,31.91183746328186,0.9503855170038277,0.008632517434841343,0.0006438967805852923,0.9925676135382036,26.47673566626972,0.9806941817133475,0.02291236509873509,0.002250745722107175,0.9805526917714562,28.250554387780042,0.980925304219484,0.020145434917592048,0.001496044670056832,0.9807046820776475,0.4253575697439112,0.8807943309869688,0.0013871962313394806,0.002675710589289943,1.3413426169738987,0.9609750045409976,1.093406288887113,1,1,0.9712103009223938,9.15726318359375
l1_adv_organ_s42,../sample_data_reg/ncct_cect/vindr_ds/all_baseline_algorithms/B2_deeds__aligned/1.2.840.113619.2.278.3.717616.306.1582703661.35/1.2.840.113619.2.278.3.717616.306.1582703661.35_1.2.840.113619.2.278.3.717616.306.1582703661.129.4202498_deeds.nii.gz,1.2.840.113619.2.278.3.717616.306.1582703661.35_1.2.840.113619.2.278.3.717616.306.1582703661.129.4202498_deeds.nii.gz,29.42410931012489,0.9437266175758726,0.009997408159501162,0.0011417974506169558,0.9849554577080206,23.585706847275706,0.9642953269312847,0.03377491107014272,0.004379548248931152,0.9641175449455058,24.03811464642804,0.9548301316146758,0.03425147125340431,0.003946285805425401,0.9545440909046417,0.2882795300858457,0.8940571912871434,0.0007038010981697502,0.0031298587684075872,1.4250935820839716,0.9368634945679848,1.0349958838179858,1,1,0.9985079765319824,16.68271909441267
l1_adv_organ_s42,../sample_data_reg/ncct_cect/vindr_ds/all_baseline_algorithms/B2_deeds__aligned/1.2.392.200036.9116.2.5.1.37.2418751871.1526972837.526920/1.2.392.200036.9116.2.5.1.37.2418751871.1526972837.526920_1.2.392.200036.9116.2.5.1.37.2418751871.1526973364.470863_deeds.nii.gz,1.2.392.200036.9116.2.5.1.37.2418751871.1526972837.526920_1.2.392.200036.9116.2.5.1.37.2418751871.1526973364.470863_deeds.nii.gz,28.75719722196215,0.9307217206059328,0.011029243407515552,0.0013313133218111903,0.9880089730373861,24.444562258898728,0.9733236482688672,0.03220544752202574,0.0035937161729383375,0.9737193416551704,24.954994919151048,0.9674860094102014,0.032076025335940554,0.0031952181029195103,0.9676181415249786,0.2830902040602605,0.8570751412513445,0.002711538511672176,0.004916052204735376,1.0103836711612062,0.9433881120789984,1.1140823912118791,1,1,0.9970741271972656,19.315538133893693
l1_adv_organ_s42,../sample_data_reg/ncct_cect/vindr_ds/all_baseline_algorithms/B2_deeds__aligned/1.2.392.200036.9116.2.5.1.37.2418751871.1522984884.757455/1.2.392.200036.9116.2.5.1.37.2418751871.1522984884.757455_1.2.392.200036.9116.2.5.1.37.2418751871.1522985393.543093_deeds.nii.gz,1.2.392.200036.9116.2.5.1.37.2418751871.1522984884.757455_1.2.392.200036.9116.2.5.1.37.2418751871.1522985393.543093_deeds.nii.gz,28.91507345606295,0.938281317184018,0.010142363734580566,0.001283786056480975,0.9856973859460272,24.70054916047509,0.9726950467464567,0.02935869513070538,0.0033880131238658174,0.9725533385480669,25.878491813910532,0.9719597889848879,0.027387306837416504,0.002583157094779422,0.9717430972507729,0.2872439413280216,0.8947255143733827,0.0022951374117560546,0.002112358429612648,1.0586469117657213,1.0273399943575892,1.1543086133625735,1,1,0.9984963536262512,13.218944549560547
l1_adv_organ_s42,../sample_data_reg/ncct_cect/vindr_ds/all_baseline_algorithms/B2_deeds__aligned/1.2.840.113619.2.278.3.717616.310.1589696975.113/1.2.840.113619.2.278.3.717616.310.1589696975.113_1.2.840.113619.2.278.3.717616.310.1589696975.214.4202498_deeds.nii.gz,1.2.840.113619.2.278.3.717616.310.1589696975.113_1.2.840.113619.2.278.3.717616.310.1589696975.214.4202498_deeds.nii.gz,30.185539419545798,0.9470846413304419,0.00842972039890632,0.0009581776975530169,0.9883747815183741,23.462589294341598,0.9670239994481927,0.03130540530237009,0.004505480045499701,0.9669734133168476,24.93705892622636,0.9652322024215554,0.02822428520806261,0.0032084413687577585,0.9650504597846407,0.29022336311819963,0.8447104883962648,0.0009160697250360303,0.0026557068490327073,1.4976113604945778,0.9695638644983622,1.106022407075638,1,1,0.9977346658706665,13.262106214250837
l1_adv_organ_s42,../sample_data_reg/ncct_cect/vindr_ds/all_baseline_algorithms/B2_deeds__aligned/1.2.392.200036.9116.2.5.1.37.2418751871.1574736893.449879/1.2.392.200036.9116.2.5.1.37.2418751871.1574736893.449879_1.2.392.200036.9116.2.5.1.37.2418751871.1574737469.513228_deeds.nii.gz,1.2.392.200036.9116.2.5.1.37.2418751871.1574736893.449879_1.2.392.200036.9116.2.5.1.37.2418751871.1574737469.513228_deeds.nii.gz,26.921492662685292,0.9242730165939076,0.013104588309382482,0.002031658613343359,0.9785910408305635,22.081502899211376,0.9555436515070447,0.03735139922385579,0.006192267512759532,0.9556244798739854,22.65349079096525,0.9460356168974732,0.035931036293383074,0.0054281385083366305,0.945662294006589,0.31846080952428396,0.9178061733698745,0.0017059233661875855,0.0012151512914799524,1.0776390389336168,1.2110382503248507,1.3220356831183928,1,1,0.9853412508964539,13.769623347691127
l1_adv_organ_s42,../sample_data_reg/ncct_cect/vindr_ds/all_baseline_algorithms/B2_deeds__aligned/1.2.840.113619.2.278.3.717616.259.1592554882.977/1.2.840.113619.2.278.3.717616.259.1592554882.977_1.2.840.113619.2.278.3.717616.259.1592554883.67.4202498_deeds.nii.gz,1.2.840.113619.2.278.3.717616.259.1592554882.977_1.2.840.113619.2.278.3.717616.259.1592554883.67.4202498_deeds.nii.gz,32.389773575369325,0.9579089464328937,0.007978412427693812,0.0005767965345866364,0.992383341576392,26.502948260634916,0.983758312157411,0.024567274619781834,0.0022372018713823355,0.983658216516989,28.2630291665809,0.9828143822641887,0.020794148405927543,0.001491753561377728,0.9826628111461361,0.38002527931945435,0.8676869451526965,0.0009833379325612796,0.0031757196314433937,1.519011961689054,0.9641795164460042,1.0748620604305958,1,1,0.9975797533988953,14.487516276041667
l1_adv_organ_s42,../sample_data_reg/ncct_cect/vindr_ds/all_baseline_algorithms/B2_deeds__aligned/1.2.840.113619.2.278.3.717616.249.1585713660.403/1.2.840.113619.2.278.3.717616.249.1585713660.403_1.2.840.113619.2.278.3.717616.249.1585713660.663.12_deeds.nii.gz,1.2.840.113619.2.278.3.717616.249.1585713660.403_1.2.840.113619.2.278.3.717616.249.1585713660.663.12_deeds.nii.gz,28.920888887790362,0.9482283676745588,0.00916867458117995,0.0012820681498126466,0.9800521311490823,22.333285303637275,0.9468030123107314,0.03852830277536458,0.005843478757848177,0.9467678953366793,22.66498032666552,0.9373706216807376,0.03839857343442935,0.005413797003015514,0.9369194041862011,0.2348892779970323,0.7371644127856399,0.0014416395888756242,0.004704159388138293,1.5387230594359664,0.980086363692738,1.2149911342833055,1,1,0.9939153790473938,14.134429931640625
l1_adv_organ_s42,../sample_data_reg/ncct_cect/vindr_ds/all_baseline_algorithms/B2_deeds__aligned/1.2.840.113619.2.278.3.717616.306.1582703645.873/1.2.840.113619.2.278.3.717616.306.1582703645.873_1.2.840.113619.2.278.3.717616.306.1582703646.13.4202498_deeds.nii.gz,1.2.840.113619.2.278.3.717616.306.1582703645.873_1.2.840.113619.2.278.3.717616.306.1582703646.13.4202498_deeds.nii.gz,30.483763760434776,0.9524559926798241,0.007558586762389064,0.0008945891446786807,0.9868007612832229,23.83591732890504,0.9640704744182835,0.029414490759705,0.0041343597802502114,0.9638795520179675,24.991564053095917,0.9635990233176253,0.027409626310451067,0.003168426191521142,0.9633081448141901,0.2514754137276546,0.9632861163744174,0.0004697579361873426,0.001205572530100324,1.5266887507154765,1.0284134113572683,1.040967020915083,1,1,0.9875429272651672,8.681674194335937
l1_adv_organ_s42,../sample_data_reg/ncct_cect/vindr_ds/all_baseline_algorithms/B2_deeds__aligned/1.2.840.113619.2.278.3.717616.286.1587944983.828/1.2.840.113619.2.278.3.717616.286.1587944983.828_1.2.840.113619.2.278.3.717616.286.1587944983.915.4202498_deeds.nii.gz,1.2.840.113619.2.278.3.717616.286.1587944983.828_1.2.840.113619.2.278.3.717616.286.1587944983.915.4202498_deeds.nii.gz,33.18014198481751,0.9652940064511796,0.006310864025216386,0.0004808236285237376,0.9930876903763354,27.171260184258834,0.9840310358569395,0.02451617136423082,0.0019181120848792879,0.9839223463697683,27.320637608214398,0.9791326405219758,0.025086247782473276,0.0018532595176691887,0.9789490252853096,0.241579215748046,0.8781585058727168,0.0005842217138695208,0.00268960701440867,1.6873583525490385,0.973200197582067,1.061419416140681,1,1,0.997631847858429,14.22163798014323
l1_adv_organ_s42,../sample_data_reg/ncct_cect/vindr_ds/all_baseline_algorithms/B2_deeds__aligned/1.2.392.200036.9116.2.5.1.37.2418751871.1432695579.168588/1.2.392.200036.9116.2.5.1.37.2418751871.1432695579.168588_1.2.392.200036.9116.2.5.1.37.2418751871.1432696175.178596_deeds.nii.gz,1.2.392.200036.9116.2.5.1.37.2418751871.1432695579.168588_1.2.392.200036.9116.2.5.1.37.2418751871.1432696175.178596_deeds.nii.gz,30.165395310013462,0.9385655430832968,0.010347168792062761,0.0009626323868216794,0.9886760543515705,25.240125737976978,0.9746430533317912,0.031041862228031566,0.00299217800510095,0.974681236250771,26.116176224949005,0.9717821843476747,0.029097564406288506,0.0024455828349571607,0.9716757134034432,0.317671122707103,0.8904739759815707,0.0011763584771437002,0.0035063074294725692,1.008286771212331,0.9945258575037838,1.083614314663951,1,1,0.9847944378852844,30.434912109375
l1_adv_organ_s42,../sample_data_reg/ncct_cect/vindr_ds/all_baseline_algorithms/B2_deeds__aligned/1.2.840.113619.2.278.3.717616.306.1582703665.824/1.2.840.113619.2.278.3.717616.306.1582703665.824_1.2.840.113619.2.278.3.717616.306.1582703665.961.4202498_deeds.nii.gz,1.2.840.113619.2.278.3.717616.306.1582703665.824_1.2.840.113619.2.278.3.717616.306.1582703665.961.4202498_deeds.nii.gz,25.804183415672796,0.9194872724625837,0.012699972103875629,0.00262773556128807,0.964575630458501,19.50393093142568,0.9103741799713186,0.045341195946439955,0.011210033407525048,0.9101029610097975,20.0503033794349,0.8912054464643407,0.047570717767039736,0.009884840410039751,0.8901544751233292,0.2634676080137512,1.0714863647856194,0.00032148225407470046,0.0010657880839779889,1.4925920364470582,1.0873870055607024,1.0737180124139265,1,1,0.9880374073982239,14.676075998942057
l1_adv_organ_s42,../sample_data_reg/ncct_cect/vindr_ds/all_baseline_algorithms/B2_deeds__aligned/1.2.840.113619.2.278.3.717616.286.1587944967.557/1.2.840.113619.2.278.3.717616.286.1587944967.557_1.2.840.113619.2.278.3.717616.286.1587944967.658.4202498_deeds.nii.gz,1.2.840.113619.2.278.3.717616.286.1587944967.557_1.2.840.113619.2.278.3.717616.286.1587944967.658.4202498_deeds.nii.gz,30.68599625964579,0.9517109014443458,0.008743899142493879,0.0008538869456232792,0.9886412493459642,23.952554424817656,0.9633946275991426,0.02976492089081606,0.004024802346522654,0.9632232570969189,26.266892655200284,0.9689842993030441,0.02413277168587545,0.002362167742188625,0.968711782995879,0.3603996687642131,0.8622441297447255,0.0009199035253710028,0.003221181653131571,1.3514956365400712,0.9585929353710712,1.067921909992366,1,1,0.9734491109848022,8.328748975481306
l1_adv_organ_s42,../sample_data_reg/ncct_cect/vindr_ds/all_baseline_algorithms/B2_deeds__aligned/1.2.840.113619.2.278.3.717616.260.1578649386.487/1.2.840.113619.2.278.3.717616.260.1578649386.487_1.2.840.113619.2.278.3.717616.260.1578649386.582.4202498_deeds.nii.gz,1.2.840.113619.2.278.3.717616.260.1578649386.487_1.2.840.113619.2.278.3.717616.260.1578649386.582.4202498_deeds.nii.gz,31.423901414313853,0.9476925285297696,0.007437848417343452,0.0007204599748102305,0.9914557793686394,24.822373105451465,0.9706637824760247,0.0274126501837839,0.0032942965349174393,0.9704750680144112,26.14838047636041,0.9736927100503481,0.02545674694794366,0.00242751516881129,0.973503702186895,0.2792026956705792,0.9157217179658609,0.0005684401434381523,0.0022728532779384266,1.6511752548109269,0.970664424673021,1.0683887174482893,1,1,0.9920144081115723,10.804022107805524
l1_adv_organ_s42,../sample_data_reg/ncct_cect/vindr_ds/all_baseline_algorithms/B2_deeds__aligned/1.2.840.113619.2.278.3.717616.260.1578649359.241/1.2.840.113619.2.278.3.717616.260.1578649359.241_1.2.840.113619.2.278.3.717616.260.1578649359.370.4202498_deeds.nii.gz,1.2.840.113619.2.278.3.717616.260.1578649359.241_1.2.840.113619.2.278.3.717616.260.1578649359.370.4202498_deeds.nii.gz,29.96369971138983,0.9477788034717345,0.009733032882717978,0.0010083934797176597,0.9873304652439185,24.016792407446815,0.9723088086476986,0.030567519733579813,0.003965708236049061,0.9726549167651036,25.364191875487734,0.9690703494993116,0.028183503976900223,0.00290790900567477,0.9693075655602899,0.3409245086953138,0.8794924300219112,0.0006948041349275019,0.0021844061238107614,1.4481989623179419,0.9670898540426918,1.0532064164469803,1,1,0.987920880317688,11.146206992013115
l1_adv_organ_s42,../sample_data_reg/ncct_cect/vindr_ds/all_baseline_algorithms/B2_deeds__aligned/1.2.840.113619.2.278.3.717616.202.1592287869.821/1.2.840.113619.2.278.3.717616.202.1592287869.821_1.2.840.113619.2.278.3.717616.202.1592287869.941.4202498_deeds.nii.gz,1.2.840.113619.2.278.3.717616.202.1592287869.821_1.2.840.113619.2.278.3.717616.202.1592287869.941.4202498_deeds.nii.gz,31.323623528749312,0.9406506805332501,0.009615671683390545,0.0007372888177381568,0.9887213136926867,24.909466853085647,0.965681837673663,0.032596350563644357,0.0032288904811893218,0.9653550124948467,27.00554782712423,0.9713873623019624,0.026136339453290976,0.0019927151255238777,0.9711057659897558,0.3650677479739467,0.8383624493806042,0.001297625997795138,0.004779347273856589,1.2813772850331162,0.9598542932680201,1.12574827406613,1,1,0.9983676671981812,15.143987019856771
l1_adv_organ_s43,../sample_data_reg/ncct_cect/vindr_ds/all_baseline_algorithms/B2_deeds__aligned/1.2.840.113619.2.278.3.717616.286.1587944968.878/1.2.840.113619.2.278.3.717616.286.1587944968.878_1.2.840.113619.2.278.3.717616.286.1587944968.981.4202498_deeds.nii.gz,1.2.840.113619.2.278.3.717616.286.1587944968.878_1.2.840.113619.2.278.3.717616.286.1587944968.981.4202498_deeds.nii.gz,27.86116080437764,0.9325735077826024,0.014023991075017643,0.0016363790832467507,0.9765844822775189,23.012641811215637,0.9526741605198495,0.03570950341796858,0.00499730456707895,0.9532655134775463,24.060461720033395,0.9427794673561817,0.03386480194835897,0.0039260319358533505,0.9447048158130152,0.41221642573459505,0.9960651077279185,0.001070491905908261,0.003069559579481673,1.443842662666171,1.072079727553818,1.071649472541603,1,1,0.9667512774467468,15.356483459472656
l1_adv_organ_s43,../sample_data_reg/ncct_cect/vindr_ds/all_baseline_algorithms/B2_deeds__aligned/1.2.840.113619.2.278.3.717616.323.1577925255.997/1.2.840.113619.2.278.3.717616.323.1577925255.997_1.2.840.113619.2.278.3.717616.323.1577925256.95.4202498_deeds.nii.gz,1.2.840.113619.2.278.3.717616.323.1577925255.997_1.2.840.113619.2.278.3.717616.323.1577925256.95.4202498_deeds.nii.gz,30.950902562618595,0.9482329500939201,0.008554925034818806,0.0008033591485498759,0.9887698535177396,24.98351640980275,0.9794633004219606,0.029749441007575164,0.003174302849912119,0.9800743619241163,26.33629745269577,0.9741553712037098,0.025983683688401062,0.002324717873763701,0.9743457555174541,0.322091862414412,1.1543420315466346,0.000552438955283864,0.001660199707348453,1.5764587750426768,1.052646047872693,1.002224941756533,1,1,0.9970080256462097,21.435217793782552
l1_adv_organ_s43,../sample_data_reg/ncct_cect/vindr_ds/all_baseline_algorithms/B2_deeds__aligned/1.2.840.113619.2.278.3.717616.166.1580339223.519/1.2.840.113619.2.278.3.717616.166.1580339223.519_1.2.840.113619.2.278.3.717616.166.1580339223.616.4202498_deeds.nii.gz,1.2.840.113619.2.278.3.717616.166.1580339223.519_1.2.840.113619.2.278.3.717616.166.1580339223.616.4202498_deeds.nii.gz,31.775998315175688,0.9547518910712576,0.007988720538700303,0.000664354939709222,0.9912403673188702,25.784904984537217,0.9745325150937912,0.026448826692748367,0.002639426067411172,0.9743543022178781,26.959011001442043,0.9747246540724662,0.02424231618403231,0.0020141828781077304,0.9744860780751013,0.32588956636968297,0.9294961957779405,0.0007737582660922799,0.002453290844823678,1.398137045160336,0.9855058609868688,1.0798654513509394,1,1,0.9975879788398743,14.278333028157553
l1_adv_organ_s43,../sample_data_reg/ncct_cect/vindr_ds/all_baseline_algorithms/B2_deeds__aligned/1.2.840.113619.2.278.3.717616.166.1580339223.956/1.2.840.113619.2.278.3.717616.166.1580339223.956_1.2.840.113619.2.278.3.717616.166.1580339224.53.4202498_deeds.nii.gz,1.2.840.113619.2.278.3.717616.166.1580339223.956_1.2.840.113619.2.278.3.717616.166.1580339224.53.4202498_deeds.nii.gz,28.88081753741815,0.93457657962128,0.010866240407005852,0.001293952238551374,0.9855065507514471,24.17334853159201,0.9680839899054239,0.029224641840834262,0.0038252968852405763,0.968012855622918,24.46968359063764,0.9605907158234177,0.03000601348152857,0.0035729886855150788,0.9603953903815804,0.3605398557027855,0.9048750165465208,0.0012063688148587284,0.0033381704195143288,1.4241742721075905,0.9476919375231304,1.0925257103324624,1,1,0.9976202249526978,12.073639424641927
l1_adv_organ_s43,../sample_data_reg/ncct_cect/vindr_ds/all_baseline_algorithms/B2_deeds__aligned/1.2.840.113619.2.278.3.717616.286.1593493292.675/1.2.840.113619.2.278.3.717616.286.1593493292.675_1.2.840.113619.2.278.3.717616.286.1593493292.775.4202498_deeds.nii.gz,1.2.840.113619.2.278.3.717616.286.1593493292.675_1.2.840.113619.2.278.3.717616.286.1593493292.775.4202498_deeds.nii.gz,32.02308523188178,0.9505920528641697,0.008488866810547332,0.0006276123440371747,0.9927388353471707,26.492003193258768,0.9807606532945292,0.022417786104445305,0.002242847166759219,0.9806204086204491,28.36273786567746,0.9814417539623703,0.01980556076038398,0.0014578948889801613,0.981239132139759,0.4253575697439112,0.9267388806006117,0.0012267507081166569,0.0029006006515997344,1.324071430649144,0.9692317799554473,1.0857179531018346,1,1,0.975477397441864,9.20601094563802
l1_adv_organ_s43,../sample_data_reg/ncct_cect/vindr_ds/all_baseline_algorithms/B2_deeds__aligned/1.2.840.113619.2.278.3.717616.306.1582703661.35/1.2.840.113619.2.278.3.717616.306.1582703661.35_1.2.840.113619.2.278.3.717616.306.1582703661.129.4202498_deeds.nii.gz,1.2.840.113619.2.278.3.717616.306.1582703661.35_1.2.840.113619.2.278.3.717616.306.1582703661.129.4202498_deeds.nii.gz,29.351692432329287,0.9423516146344116,0.009905493197126755,0.0011609960890429781,0.9844770801612304,23.636442049908833,0.9645637169231208,0.03283696159488584,0.004328683124332691,0.9643201637064279,24.154931061584296,0.95564587662937,0.03298527396565784,0.0038415535708066976,0.955229522520729,0.2882795300858457,0.952488348210412,0.0005524959958578586,0.0027952053858308653,1.4179482903106086,0.9502152945099335,1.0278359582087317,1,1,0.9985512495040894,16.699122292654856
l1_adv_organ_s43,../sample_data_reg/ncct_cect/vindr_ds/all_baseline_algorithms/B2_deeds__aligned/1.2.392.200036.9116.2.5.1.37.2418751871.1526972837.526920/1.2.392.200036.9116.2.5.1.37.2418751871.1526972837.526920_1.2.392.200036.9116.2.5.1.37.2418751871.1526973364.470863_deeds.nii.gz,1.2.392.200036.9116.2.5.1.37.2418751871.1526972837.526920_1.2.392.200036.9116.2.5.1.37.2418751871.1526973364.470863_deeds.nii.gz,29.78637770194573,0.9354580140604553,0.010224442550273225,0.0010504181803719624,0.990466512867093,24.48166026197509,0.9736123460717363,0.03209285159366422,0.0035631489196290655,0.9739586183754042,24.99019430435571,0.9678151236917155,0.03181661803407727,0.003169425659034278,0.9679066077406351,0.2830902040602605,0.9051363679677584,0.002135251451220907,0.005563362990493874,0.9914987676993983,0.9296521089079928,1.0617347722646377,1,1,0.9979501962661743,18.074546269008092
l1_adv_organ_s43,../sample_data_reg/ncct_cect/vindr_ds/all_baseline_algorithms/B2_deeds__aligned/1.2.392.200036.9116.2.5.1.37.2418751871.1522984884.757455/1.2.392.200036.9116.2.5.1.37.2418751871.1522984884.757455_1.2.392.200036.9116.2.5.1.37.2418751871.1522985393.543093_deeds.nii.gz,1.2.392.200036.9116.2.5.1.37.2418751871.1522984884.757455_1.2.392.200036.9116.2.5.1.37.2418751871.1522985393.543093_deeds.nii.gz,30.199167965796487,0.9426388709444045,0.009316923716251172,0.0009551755638505955,0.9893664259893712,24.6755464442502,0.9726499696562468,0.02879915833092075,0.0034075744682925137,0.9724919585056869,25.88492247957417,0.9722032079169427,0.027377800535940893,0.002579335004469835,0.9720218993607068,0.2872439413280216,0.9552176330176052,0.0015071439243479019,0.0025571653740273158,1.0452317210995814,1.0365871546079533,1.1217688084120883,1,1,0.9986065030097961,11.885958535330635
l1_adv_organ_s43,../sample_data_reg/ncct_cect/vindr_ds/all_baseline_algorithms/B2_deeds__aligned/1.2.840.113619.2.278.3.717616.310.1589696975.113/1.2.840.113619.2.278.3.717616.310.1589696975.113_1.2.840.113619.2.278.3.717616.310.1589696975.214.4202498_deeds.nii.gz,1.2.840.113619.2.278.3.717616.310.1589696975.113_1.2.840.113619.2.278.3.717616.310.1589696975.214.4202498_deeds.nii.gz,30.19025346664634,0.9471017731739204,0.008229399593005898,0.0009571382083489654,0.9883035894028996,23.44969697789437,0.9668309520226215,0.03036084124718837,0.004518874730086706,0.9667147260775398,24.942630031344912,0.9651679827872477,0.027520395069634822,0.0032043282369814924,0.9649313877310867,0.29022336311819963,0.8838569372559014,0.0008808254048157877,0.0028482395756418144,1.4909283518420817,0.9709279155188585,1.0997136374339365,1,1,0.9985318183898926,10.288594382149833
l1_adv_organ_s43,../sample_data_reg/ncct_cect/vindr_ds/all_baseline_algorithms/B2_deeds__aligned/1.2.392.200036.9116.2.5.1.37.2418751871.1574736893.449879/1.2.392.200036.9116.2.5.1.37.2418751871.1574736893.449879_1.2.392.200036.9116.2.5.1.37.2418751871.1574737469.513228_deeds.nii.gz,1.2.392.200036.9116.2.5.1.37.2418751871.1574736893.449879_1.2.392.200036.9116.2.5.1.37.2418751871.1574737469.513228_deeds.nii.gz,27.25346154089231,0.9265196199918802,0.01246673825942164,0.001882148326574205,0.9802176776311912,22.082022630187346,0.9556539203651857,0.03671690668350168,0.006191526513090435,0.955692705287628,22.605713062560746,0.9455361015844707,0.03575853377375292,0.005488184384109702,0.9451340420325297,0.31846080952428396,0.9796377195776782,0.0008377437149951017,0.001726503437626767,1.0414795473843452,1.219160014684293,1.2760852165328893,1,1,0.9937933683395386,12.635998317173549
l1_adv_organ_s43,../sample_data_reg/ncct_cect/vindr_ds/all_baseline_algorithms/B2_deeds__aligned/1.2.840.113619.2.278.3.717616.259.1592554882.977/1.2.840.113619.2.278.3.717616.259.1592554882.977_1.2.840.113619.2.278.3.717616.259.1592554883.67.4202498_deeds.nii.gz,1.2.840.113619.2.278.3.717616.259.1592554882.977_1.2.840.113619.2.278.3.717616.259.1592554883.67.4202498_deeds.nii.gz,32.29257659719999,0.9562113587857834,0.00806823189286878,0.0005898510275009049,0.9921766067121953,26.46660857452435,0.9836434415633104,0.02459224167755937,0.002256000245375,0.983577410671534,28.161308567262285,0.9823949350993826,0.02102614040363142,0.00152710585855748,0.9822258559569885,0.38002527931945435,0.9165525325229934,0.0007662774896946451,0.003224970386089503,1.514945493756084,0.9803969131894984,1.0681513825520117,1,1,0.9965282678604126,13.424178059895834
l1_adv_organ_s43,../sample_data_reg/ncct_cect/vindr_ds/all_baseline_algorithms/B2_deeds__aligned/1.2.840.113619.2.278.3.717616.249.1585713660.403/1.2.840.113619.2.278.3.717616.249.1585713660.403_1.2.840.113619.2.278.3.717616.249.1585713660.663.12_deeds.nii.gz,1.2.840.113619.2.278.3.717616.249.1585713660.403_1.2.840.113619.2.278.3.717616.249.1585713660.663.12_deeds.nii.gz,28.917095291607808,0.9489894562642768,0.009232220866301944,0.001283188535605676,0.9800488594328546,22.355512375709242,0.9472467435209452,0.0384998319712904,0.005813648394971911,0.9473193305595288,22.665949227608735,0.9375037908124415,0.03863152793879264,0.005412589332146398,0.9371784140494451,0.2348892779970323,0.7839158183726661,0.0014032339732145316,0.005014674810903581,1.5496634670892497,0.9803471731294742,1.2060970413368683,1,1,0.9927693605422974,14.377171325683594
l1_adv_organ_s43,../sample_data_reg/ncct_cect/vindr_ds/all_baseline_algorithms/B2_deeds__aligned/1.2.840.113619.2.278.3.717616.306.1582703645.873/1.2.840.113619.2.278.3.717616.306.1582703645.873_1.2.840.113619.2.278.3.717616.306.1582703646.13.4202498_deeds.nii.gz,1.2.840.113619.2.278.3.717616.306.1582703645.873_1.2.840.113619.2.278.3.717616.306.1582703646.13.4202498_deeds.nii.gz,30.458508353434645,0.9522502669892877,0.007588147568891983,0.0008998065799122271,0.9865853240927379,23.828288505532957,0.9638542909599936,0.02925015382807739,0.004141628585158553,0.9635847384946982,24.915643026701023,0.9627918927663446,0.027648284971424165,0.003224301886194678,0.962422289447281,0.2514754137276546,1.0231775181703713,0.0006221049617464422,0.0017848551815652868,1.5140505868188416,1.034074463513976,1.0303437825736221,1,1,0.9864802360534668,7.586537679036458
l1_adv_organ_s43,../sample_data_reg/ncct_cect/vindr_ds/all_baseline_algorithms/B2_deeds__aligned/1.2.840.113619.2.278.3.717616.286.1587944983.828/1.2.840.113619.2.278.3.717616.286.1587944983.828_1.2.840.113619.2.278.3.717616.286.1587944983.915.4202498_deeds.nii.gz,1.2.840.113619.2.278.3.717616.286.1587944983.828_1.2.840.113619.2.278.3.717616.286.1587944983.915.4202498_deeds.nii.gz,33.19791315789507,0.9648190399342431,0.006206617566076352,0.00047886013564204323,0.9930806021997702,27.139383200092915,0.9839654236848969,0.024152507500077247,0.0019322427212638896,0.9838812236860675,27.368643087233956,0.9793261825724131,0.024564462829114585,0.001832887001435518,0.9791355223831792,0.241579215748046,0.926960544792133,0.0005873652415613719,0.0027211649120328007,1.6893136792229784,0.9777630464718404,1.0604407818747654,1,1,0.9984815716743469,13.640570068359375
l1_adv_organ_s43,../sample_data_reg/ncct_cect/vindr_ds/all_baseline_algorithms/B2_deeds__aligned/1.2.392.200036.9116.2.5.1.37.2418751871.1432695579.168588/1.2.392.200036.9116.2.5.1.37.2418751871.1432695579.168588_1.2.392.200036.9116.2.5.1.37.2418751871.1432696175.178596_deeds.nii.gz,1.2.392.200036.9116.2.5.1.37.2418751871.1432695579.168588_1.2.392.200036.9116.2.5.1.37.2418751871.1432696175.178596_deeds.nii.gz,30.253686225848362,0.9382916276419705,0.010141103397203461,0.0009432599116703297,0.9889016247618466,25.433996653190754,0.9759823414430732,0.029613134671086918,0.0028615433841752713,0.9761039641155649,26.220913497494,0.9724968862765835,0.028269476912968845,0.0023873090821424207,0.9724363741500195,0.317671122707103,0.9409009419702627,0.000901121095642992,0.003708004199565789,0.994369951508167,0.9976334060281183,1.0598524394021132,1,1,0.9883812069892883,27.676501973470053
l1_adv_organ_s43,../sample_data_reg/ncct_cect/vindr_ds/all_baseline_algorithms/B2_deeds__aligned/1.2.840.113619.2.278.3.717616.306.1582703665.824/1.2.840.113619.2.278.3.717616.306.1582703665.824_1.2.840.113619.2.278.3.717616.306.1582703665.961.4202498_deeds.nii.gz,1.2.840.113619.2.278.3.717616.306.1582703665.824_1.2.840.113619.2.278.3.717616.306.1582703665.961.4202498_deeds.nii.gz,25.774339473825467,0.9194250065873214,0.012699556682650342,0.0026458550769116623,0.9642004426872532,19.46761722413749,0.9098083004292904,0.045248899946955023,0.0113041595227056,0.9097109789081725,20.015918756551756,0.8902519153357277,0.04758364558586879,0.009963412803317147,0.8892669318005969,0.2634676080137512,1.1237108747959559,0.00043189515215816883,0.0017691757802714718,1.4882991811537283,1.088585487133917,1.0689894640620634,1,1,0.9880733489990234,14.888656361897786
l1_adv_organ_s43,../sample_data_reg/ncct_cect/vindr_ds/all_baseline_algorithms/B2_deeds__aligned/1.2.840.113619.2.278.3.717616.286.1587944967.557/1.2.840.113619.2.278.3.717616.286.1587944967.557_1.2.840.113619.2.278.3.717616.286.1587944967.658.4202498_deeds.nii.gz,1.2.840.113619.2.278.3.717616.286.1587944967.557_1.2.840.113619.2.278.3.717616.286.1587944967.658.4202498_deeds.nii.gz,30.67327875691463,0.9505684928254555,0.008722735044880907,0.0008563910586795754,0.9884429357096509,23.970003501862863,0.9633205117645766,0.029474760016749077,0.004008663943950805,0.9630516222913722,26.254817536880722,0.9687107715136736,0.024062236570725662,0.0023687446493871256,0.9683457639273882,0.3603996687642131,0.9280716854224478,0.0007710946009964833,0.003003563633536957,1.3522667155174728,0.968860981650697,1.0604433008851242,1,1,0.9955825805664062,6.507460457938058
l1_adv_organ_s43,../sample_data_reg/ncct_cect/vindr_ds/all_baseline_algorithms/B2_deeds__aligned/1.2.840.113619.2.278.3.717616.260.1578649386.487/1.2.840.113619.2.278.3.717616.260.1578649386.487_1.2.840.113619.2.278.3.717616.260.1578649386.582.4202498_deeds.nii.gz,1.2.840.113619.2.278.3.717616.260.1578649386.487_1.2.840.113619.2.278.3.717616.260.1578649386.582.4202498_deeds.nii.gz,31.45494900806341,0.9473309190760546,0.007228948723265102,0.0007153277929237783,0.9914045297976649,24.84635066274167,0.9707978353966745,0.02649865330886135,0.0032761587190280497,0.9705622080394416,26.165048197474118,0.9736579490121512,0.024717106490000605,0.002418216500708478,0.9733980956838535,0.2792026956705792,0.9739078046206087,0.000568320687473871,0.0027587157662299056,1.6512665210961015,0.9747091228777984,1.0566652959474367,1,1,0.9967323541641235,9.840997423444476
l1_adv_organ_s43,../sample_data_reg/ncct_cect/vindr_ds/all_baseline_algorithms/B2_deeds__aligned/1.2.840.113619.2.278.3.717616.260.1578649359.241/1.2.840.113619.2.278.3.717616.260.1578649359.241_1.2.840.113619.2.278.3.717616.260.1578649359.370.4202498_deeds.nii.gz,1.2.840.113619.2.278.3.717616.260.1578649359.241_1.2.840.113619.2.278.3.717616.260.1578649359.370.4202498_deeds.nii.gz,30.03841595651474,0.9476066787858058,0.009349907442169509,0.0009911934063482175,0.9874217463698713,24.085268390849688,0.9726702349665568,0.029128562812610014,0.0039036705736031608,0.9729223741913828,25.436503758846776,0.9694599767766235,0.027043203718520644,0.0028598919422312963,0.9695896612925871,0.3409245086953138,0.9244971703103905,0.0006019199001480259,0.002132163939038913,1.4312074488773805,0.9743707256417089,1.0473089431596019,1,1,0.9910567402839661,12.489930834089007
l1_adv_organ_s43,../sample_data_reg/ncct_cect/vindr_ds/all_baseline_algorithms/B2_deeds__aligned/1.2.840.113619.2.278.3.717616.202.1592287869.821/1.2.840.113619.2.278.3.717616.202.1592287869.821_1.2.840.113619.2.278.3.717616.202.1592287869.941.4202498_deeds.nii.gz,1.2.840.113619.2.278.3.717616.202.1592287869.821_1.2.840.113619.2.278.3.717616.202.1592287869.941.4202498_deeds.nii.gz,31.272702924679166,0.9394394292642252,0.0095404843466016,0.0007459843345828089,0.9884662352473521,24.84683725395133,0.9655422290118948,0.03251814359573424,0.0032757916729802194,0.9653183873863095,26.946703080803577,0.9708827648500862,0.02592841671844398,0.0020198991755283452,0.970544508433275,0.3650677479739467,0.8927398643260476,0.0011510775630183953,0.004757245351943327,1.274107114678113,0.9734164383957233,1.1161618104957123,1,1,0.9985787272453308,15.637178039550781
l1_adv_organ_s44,../sample_data_reg/ncct_cect/vindr_ds/all_baseline_algorithms/B2_deeds__aligned/1.2.840.113619.2.278.3.717616.286.1587944968.878/1.2.840.113619.2.278.3.717616.286.1587944968.878_1.2.840.113619.2.278.3.717616.286.1587944968.981.4202498_deeds.nii.gz,1.2.840.113619.2.278.3.717616.286.1587944968.878_1.2.840.113619.2.278.3.717616.286.1587944968.981.4202498_deeds.nii.gz,28.776653512126508,0.9348532370679505,0.013326614204153753,0.001325362409514977,0.9811668581256356,23.601656275780428,0.958698390592297,0.034727143155647004,0.004363493892425412,0.9592706983457442,24.999102684701214,0.9540154617153984,0.032150352852642436,0.003162931100035204,0.9558142119010143,0.41221642573459505,0.9472508828896273,0.0009485201910444134,0.0025773449498458557,1.4239603925285547,1.0599577398362443,1.0720934931797588,1,1,0.9519823789596558,14.989498901367188
l1_adv_organ_s44,../sample_data_reg/ncct_cect/vindr_ds/all_baseline_algorithms/B2_deeds__aligned/1.2.840.113619.2.278.3.717616.323.1577925255.997/1.2.840.113619.2.278.3.717616.323.1577925255.997_1.2.840.113619.2.278.3.717616.323.1577925256.95.4202498_deeds.nii.gz,1.2.840.113619.2.278.3.717616.323.1577925255.997_1.2.840.113619.2.278.3.717616.323.1577925256.95.4202498_deeds.nii.gz,30.91143229137202,0.9473521242025296,0.008472343854906162,0.0008106936492035993,0.9885806383843683,25.008953307551735,0.9794089886679703,0.02958731975818683,0.0031557651021808,0.9796260761196492,26.389586795400938,0.9744284650128627,0.02560995906855242,0.0022963671229854635,0.9743500916190142,0.322091862414412,1.1084997828098506,0.000509351956591117,0.001193512372747242,1.5875431357502858,1.055848748245791,1.006834627064102,1,1,0.9958814382553101,20.901021830240886
l1_adv_organ_s44,../sample_data_reg/ncct_cect/vindr_ds/all_baseline_algorithms/B2_deeds__aligned/1.2.840.113619.2.278.3.717616.166.1580339223.519/1.2.840.113619.2.278.3.717616.166.1580339223.519_1.2.840.113619.2.278.3.717616.166.1580339223.616.4202498_deeds.nii.gz,1.2.840.113619.2.278.3.717616.166.1580339223.519_1.2.840.113619.2.278.3.717616.166.1580339223.616.4202498_deeds.nii.gz,31.686301357916896,0.9559026163816864,0.008171892767317472,0.0006782188626232319,0.991303233428484,25.662359833358508,0.9742888749454803,0.027463234699400624,0.0027149636335304108,0.974289936299551,26.868295747303698,0.9746266511331848,0.024834875263696377,0.002056697524185476,0.9745948077200812,0.32588956636968297,0.877313200125736,0.0007148915884141223,0.002645963282380622,1.4032823175900888,0.9894538717355608,1.088128983471027,1,1,0.9864473342895508,15.560151672363281
l1_adv_organ_s44,../sample_data_reg/ncct_cect/vindr_ds/all_baseline_algorithms/B2_deeds__aligned/1.2.840.113619.2.278.3.717616.166.1580339223.956/1.2.840.113619.2.278.3.717616.166.1580339223.956_1.2.840.113619.2.278.3.717616.166.1580339224.53.4202498_deeds.nii.gz,1.2.840.113619.2.278.3.717616.166.1580339223.956_1.2.840.113619.2.278.3.717616.166.1580339224.53.4202498_deeds.nii.gz,28.82964341335365,0.935737477830049,0.01115877827343153,0.0013092894205561736,0.9855845081244298,24.14574252373953,0.9682693003572949,0.030012985834371175,0.003849689899759172,0.9683103776722838,24.418571438329685,0.9605771934144935,0.03082105367076541,0.00361528763805234,0.960571465519331,0.3605398557027855,0.8686890808322333,0.001107877176769497,0.003270495264684896,1.4268694888356122,0.953764176553824,1.09864518693283,1,1,0.9973108172416687,12.29734598795573
l1_adv_organ_s44,../sample_data_reg/ncct_cect/vindr_ds/all_baseline_algorithms/B2_deeds__aligned/1.2.840.113619.2.278.3.717616.286.1593493292.675/1.2.840.113619.2.278.3.717616.286.1593493292.675_1.2.840.113619.2.278.3.717616.286.1593493292.775.4202498_deeds.nii.gz,1.2.840.113619.2.278.3.717616.286.1593493292.675_1.2.840.113619.2.278.3.717616.286.1593493292.775.4202498_deeds.nii.gz,31.98522023184783,0.9518367707308254,0.008611466616544527,0.0006331082558144243,0.99273946265161,26.39422541177684,0.9804501099905802,0.023249864643878945,0.0022939157265184614,0.9803132881869934,28.328148299767673,0.9813897969367213,0.020097625574507665,0.0014695527168897197,0.9812057762703561,0.4253575697439112,0.8880641231110538,0.0011421842882885828,0.002813100757124378,1.3331866996955624,0.9742990410855268,1.091603942937394,1,1,0.987866997718811,7.939057413736979
l1_adv_organ_s44,../sample_data_reg/ncct_cect/vindr_ds/all_baseline_algorithms/B2_deeds__aligned/1.2.840.113619.2.278.3.717616.306.1582703661.35/1.2.840.113619.2.278.3.717616.306.1582703661.35_1.2.840.113619.2.278.3.717616.306.1582703661.129.4202498_deeds.nii.gz,1.2.840.113619.2.278.3.717616.306.1582703661.35_1.2.840.113619.2.278.3.717616.306.1582703661.129.4202498_deeds.nii.gz,29.303777766094115,0.9409370169126992,0.010160370106306632,0.0011738759996461165,0.9846021011317446,23.46470286730314,0.9634577446731998,0.03402297612164549,0.004503287905284344,0.9632883118053823,23.95521591907073,0.9541361414091936,0.034339719110093994,0.00402233657569004,0.9538800509483548,0.2882795300858457,0.9157211610606523,0.0005869853302795673,0.002955225599095889,1.4197200478940646,0.9544053708504114,1.0365454980452653,1,1,0.9986292123794556,16.505120958600724
l1_adv_organ_s44,../sample_data_reg/ncct_cect/vindr_ds/all_baseline_algorithms/B2_deeds__aligned/1.2.392.200036.9116.2.5.1.37.2418751871.1526972837.526920/1.2.392.200036.9116.2.5.1.37.2418751871.1526972837.526920_1.2.392.200036.9116.2.5.1.37.2418751871.1526973364.470863_deeds.nii.gz,1.2.392.200036.9116.2.5.1.37.2418751871.1526972837.526920_1.2.392.200036.9116.2.5.1.37.2418751871.1526973364.470863_deeds.nii.gz,29.381157907629586,0.9338929191028246,0.010485101710139645,0.001153145767315794,0.9894030618808713,24.55325079478675,0.9736522980369444,0.03143592491495438,0.003504894262872594,0.973753492541969,25.041241814714876,0.9678304833328549,0.03170862155317255,0.0031323899256706553,0.967733719128826,0.2830902040602605,0.8488834544384933,0.0024617604215268563,0.005608670127100986,0.9904251744704043,0.9347670910060073,1.0848237400919203,1,1,0.9980695843696594,17.980772835867747
l1_adv_organ_s44,../sample_data_reg/ncct_cect/vindr_ds/all_baseline_algorithms/B2_deeds__aligned/1.2.392.200036.9116.2.5.1.37.2418751871.1522984884.757455/1.2.392.200036.9116.2.5.1.37.2418751871.1522984884.757455_1.2.392.200036.9116.2.5.1.37.2418751871.1522985393.543093_deeds.nii.gz,1.2.392.200036.9116.2.5.1.37.2418751871.1522984884.757455_1.2.392.200036.9116.2.5.1.37.2418751871.1522985393.543093_deeds.nii.gz,29.825879163744048,0.9421511220212313,0.009628225452317393,0.001040907370279857,0.988314990703383,24.683674412398755,0.9728564448436434,0.02959581932514205,0.003401203041428692,0.9727063186164027,25.9139084242138,0.972400249628654,0.027580972595997982,0.0025621771725937866,0.9721438658482807,0.2872439413280216,0.8967043399038204,0.0017573474299190906,0.0025744452155374606,1.0418405450777366,1.0327107749252256,1.1315563221992722,1,1,0.9985101819038391,10.895541054861885
l1_adv_organ_s44,../sample_data_reg/ncct_cect/vindr_ds/all_baseline_algorithms/B2_deeds__aligned/1.2.840.113619.2.278.3.717616.310.1589696975.113/1.2.840.113619.2.278.3.717616.310.1589696975.113_1.2.840.113619.2.278.3.717616.310.1589696975.214.4202498_deeds.nii.gz,1.2.840.113619.2.278.3.717616.310.1589696975.113_1.2.840.113619.2.278.3.717616.310.1589696975.214.4202498_deeds.nii.gz,30.10333773434709,0.9470307534075105,0.008520958891723253,0.0009764864618981051,0.9883153141589478,23.394021043859734,0.9668199761991686,0.03164267600974622,0.004577178988149225,0.9668915911569226,24.890620002956993,0.9651871566730799,0.028407362043822885,0.0032429331762027615,0.9651447424833584,0.29022336311819963,0.8396836178342828,0.0007233759596563338,0.0030424671085800977,1.4705062372717759,0.9738772349654253,1.0959733626169712,1,1,0.9982953071594238,11.905032566615514
l1_adv_organ_s44,../sample_data_reg/ncct_cect/vindr_ds/all_baseline_algorithms/B2_deeds__aligned/1.2.392.200036.9116.2.5.1.37.2418751871.1574736893.449879/1.2.392.200036.9116.2.5.1.37.2418751871.1574736893.449879_1.2.392.200036.9116.2.5.1.37.2418751871.1574737469.513228_deeds.nii.gz,1.2.392.200036.9116.2.5.1.37.2418751871.1574736893.449879_1.2.392.200036.9116.2.5.1.37.2418751871.1574737469.513228_deeds.nii.gz,27.0388716860486,0.9260214654042018,0.013094516447032727,0.0019774833312383366,0.9793344357110647,22.020048014656723,0.9550526493915756,0.03810446803148271,0.006280514151745985,0.9549038566431883,22.55589096681277,0.9453578003022948,0.03686423182121483,0.005551507147737058,0.9449528138769864,0.31846080952428396,0.9217405143652037,0.0012798702092511579,0.0017469072195359255,1.0524173938670331,1.218536837943818,1.2989556837407779,1,1,0.9853240251541138,13.234541756766182
l1_adv_organ_s44,../sample_data_reg/ncct_cect/vindr_ds/all_baseline_algorithms/B2_deeds__aligned/1.2.840.113619.2.278.3.717616.259.1592554882.977/1.2.840.113619.2.278.3.717616.259.1592554882.977_1.2.840.113619.2.278.3.717616.259.1592554883.67.4202498_deeds.nii.gz,1.2.840.113619.2.278.3.717616.259.1592554882.977_1.2.840.113619.2.278.3.717616.259.1592554883.67.4202498_deeds.nii.gz,32.24772368807996,0.9572598103020016,0.008147349224167008,0.0005959744358330679,0.992175476498758,26.34145529074944,0.9832141918848084,0.025134974810283928,0.0023219585937257624,0.983107031591269,28.11158512574448,0.982297276905747,0.02124820635009649,0.0015446905420576638,0.9821534845942911,0.38002527931945435,0.8767166395183948,0.0007347770207020235,0.0030997379838821892,1.513176826729917,0.9797799782611706,1.0712293157672061,1,1,0.9976646304130554,12.002951049804688
l1_adv_organ_s44,../sample_data_reg/ncct_cect/vindr_ds/all_baseline_algorithms/B2_deeds__aligned/1.2.840.113619.2.278.3.717616.249.1585713660.403/1.2.840.113619.2.278.3.717616.249.1585713660.403_1.2.840.113619.2.278.3.717616.249.1585713660.663.12_deeds.nii.gz,1.2.840.113619.2.278.3.717616.249.1585713660.403_1.2.840.113619.2.278.3.717616.249.1585713660.663.12_deeds.nii.gz,28.823496213121736,0.9493977728712248,0.009337404983104706,0.00131114396012175,0.9796013877080068,22.209495894407393,0.9455044119339594,0.03928440846032377,0.006012435225358171,0.9453607512790986,22.57099339977962,0.9362865020150952,0.03912303869485904,0.0055322355107704484,0.9358006141961706,0.2348892779970323,0.741715866745531,0.0013184316560397543,0.004945228463223443,1.5395440410758265,0.9930938523926435,1.2163874269416786,1,1,0.987076461315155,15.507492828369141
l1_adv_organ_s44,../sample_data_reg/ncct_cect/vindr_ds/all_baseline_algorithms/B2_deeds__aligned/1.2.840.113619.2.278.3.717616.306.1582703645.873/1.2.840.113619.2.278.3.717616.306.1582703645.873_1.2.840.113619.2.278.3.717616.306.1582703646.13.4202498_deeds.nii.gz,1.2.840.113619.2.278.3.717616.306.1582703645.873_1.2.840.113619.2.278.3.717616.306.1582703646.13.4202498_deeds.nii.gz,30.389948845641108,0.9525833456460954,0.0076477804316710096,0.0009141240086234532,0.9866743189309398,23.726297492895437,0.9635421068042367,0.029889428684562413,0.0042400428998160865,0.9634324291404655,24.85193562056177,0.9627544960188639,0.02790600416014314,0.003271948338951367,0.9625669369609757,0.2514754137276546,0.9677505285278245,0.000503035247838792,0.0014300682785062116,1.5207210037701373,1.0356132720737379,1.0402946813254808,1,1,0.9975234270095825,6.065570576985677
l1_adv_organ_s44,../sample_data_reg/ncct_cect/vindr_ds/all_baseline_algorithms/B2_deeds__aligned/1.2.840.113619.2.278.3.717616.286.1587944983.828/1.2.840.113619.2.278.3.717616.286.1587944983.828_1.2.840.113619.2.278.3.717616.286.1587944983.915.4202498_deeds.nii.gz,1.2.840.113619.2.278.3.717616.286.1587944983.828_1.2.840.113619.2.278.3.717616.286.1587944983.915.4202498_deeds.nii.gz,33.06478006423356,0.9648309231765255,0.006355298749124222,0.0004937669230013964,0.9929340609498318,27.039979348586392,0.9836096193083159,0.024862208747453676,0.001976979040948506,0.9834871604417817,27.26093479025931,0.9789367955138516,0.025186897391095222,0.0018789123497711048,0.9787526643346776,0.241579215748046,0.8918791279823368,0.0004546902375688819,0.0029043758315193706,1.6714291944249782,0.9821663849068327,1.0574968607577995,1,1,0.9880861043930054,13.831523132324218
l1_adv_organ_s44,../sample_data_reg/ncct_cect/vindr_ds/all_baseline_algorithms/B2_deeds__aligned/1.2.392.200036.9116.2.5.1.37.2418751871.1432695579.168588/1.2.392.200036.9116.2.5.1.37.2418751871.1432695579.168588_1.2.392.200036.9116.2.5.1.37.2418751871.1432696175.178596_deeds.nii.gz,1.2.392.200036.9116.2.5.1.37.2418751871.1432695579.168588_1.2.392.200036.9116.2.5.1.37.2418751871.1432696175.178596_deeds.nii.gz,29.81857161336883,0.9357945512494579,0.01098712761538829,0.001042660302077067,0.9878380873702832,25.02476062340206,0.9735465660450968,0.03274428975974238,0.003144299724562589,0.9734859547043968,25.894245749364696,0.970683790223157,0.03051058464502595,0.002573803724866671,0.9705370949387031,0.317671122707103,0.8898332786497608,0.001159085767164399,0.003757410140440183,1.0147815085857046,1.009853176359143,1.0917300197856403,1,1,0.9894342422485352,25.726219685872397
l1_adv_organ_s44,../sample_data_reg/ncct_cect/vindr_ds/all_baseline_algorithms/B2_deeds__aligned/1.2.840.113619.2.278.3.717616.306.1582703665.824/1.2.840.113619.2.278.3.717616.306.1582703665.824_1.2.840.113619.2.278.3.717616.306.1582703665.961.4202498_deeds.nii.gz,1.2.840.113619.2.278.3.717616.306.1582703665.824_1.2.840.113619.2.278.3.717616.306.1582703665.961.4202498_deeds.nii.gz,25.754189319201114,0.9161611494274807,0.01282218487353588,0.0026581596916881644,0.9642361060682968,19.50130009944807,0.9105324626028656,0.04540179186345778,0.01121682618293692,0.9101787410923221,20.020295827052802,0.8906465176369993,0.04784581520752168,0.009953376159323594,0.8895702975003248,0.2634676080137512,1.0693351110803793,0.0003865886038833651,0.0013458403197185748,1.4671110421259836,1.0929419308893134,1.0698620763527809,1,1,0.9742463231086731,13.847839864095052
l1_adv_organ_s44,../sample_data_reg/ncct_cect/vindr_ds/all_baseline_algorithms/B2_deeds__aligned/1.2.840.113619.2.278.3.717616.286.1587944967.557/1.2.840.113619.2.278.3.717616.286.1587944967.557_1.2.840.113619.2.278.3.717616.286.1587944967.658.4202498_deeds.nii.gz,1.2.840.113619.2.278.3.717616.286.1587944967.557_1.2.840.113619.2.278.3.717616.286.1587944967.658.4202498_deeds.nii.gz,30.582166034505583,0.9516297800261755,0.008820337132784458,0.0008745474877354774,0.9884268692798005,23.863133847632298,0.9628427387063576,0.029977938218881763,0.0041085314450388715,0.9627332173836587,26.16645499741656,0.9684112737886784,0.024347433989896288,0.0024174333003587384,0.9681815418344352,0.3603996687642131,0.871563944159248,0.0007128452806663392,0.0031204661627692214,1.357379836540982,0.9732691569725203,1.0709078824527805,1,1,0.9736825823783875,7.224743979317801
l1_adv_organ_s44,../sample_data_reg/ncct_cect/vindr_ds/all_baseline_algorithms/B2_deeds__aligned/1.2.840.113619.2.278.3.717616.260.1578649386.487/1.2.840.113619.2.278.3.717616.260.1578649386.487_1.2.840.113619.2.278.3.717616.260.1578649386.582.4202498_deeds.nii.gz,1.2.840.113619.2.278.3.717616.260.1578649386.487_1.2.840.113619.2.278.3.717616.260.1578649386.582.4202498_deeds.nii.gz,31.29065741333458,0.9462136249693469,0.0074994492732094525,0.0007429066718764802,0.9912725881000135,24.737041612607715,0.9703375102621803,0.02765129380108038,0.003359663945610287,0.9701801858602619,26.055838841105473,0.9733441837463549,0.025617814541214663,0.002479796917908244,0.9732016068150025,0.2792026956705792,0.9177614256443469,0.0004736505095293937,0.00258161184130945,1.6344017750345767,0.9763497004931331,1.0526221995941947,1,1,0.998204231262207,10.607192993164062
l1_adv_organ_s44,../sample_data_reg/ncct_cect/vindr_ds/all_baseline_algorithms/B2_deeds__aligned/1.2.840.113619.2.278.3.717616.260.1578649359.241/1.2.840.113619.2.278.3.717616.260.1578649359.241_1.2.840.113619.2.278.3.717616.260.1578649359.370.4202498_deeds.nii.gz,1.2.840.113619.2.278.3.717616.260.1578649359.241_1.2.840.113619.2.278.3.717616.260.1578649359.370.4202498_deeds.nii.gz,29.93506336941296,0.9493199539060526,0.009670368241497626,0.0010150645553059234,0.9873828078478525,23.943439113410278,0.972043006093672,0.03069651224761966,0.004033258787102575,0.9725376155247571,25.31837608074724,0.9689607059299834,0.02805319370659617,0.002938748306914422,0.9693423594661361,0.3409245086953138,0.8873942399153042,0.00056653301735361,0.0024121722655564342,1.4303731238928088,0.9767675045149066,1.0522701648841224,1,1,0.9910041689872742,11.447481427873884
l1_adv_organ_s44,../sample_data_reg/ncct_cect/vindr_ds/all_baseline_algorithms/B2_deeds__aligned/1.2.840.113619.2.278.3.717616.202.1592287869.821/1.2.840.113619.2.278.3.717616.202.1592287869.821_1.2.840.113619.2.278.3.717616.202.1592287869.941.4202498_deeds.nii.gz,1.2.840.113619.2.278.3.717616.202.1592287869.821_1.2.840.113619.2.278.3.717616.202.1592287869.941.4202498_deeds.nii.gz,31.203480637659222,0.9405340746796353,0.009680316912260376,0.0007579698592914408,0.9884078407483033,24.75802221749133,0.9647046015245782,0.033016760734310015,0.0033434726752547537,0.9644043247183232,26.876769016741598,0.970622230994796,0.026325661407693064,0.002052688732066398,0.9702905576817116,0.3650677479739467,0.8418883490941097,0.001072188229330568,0.00463693384378342,1.2731757324612039,0.9785894581039917,1.1272206294617972,1,1,0.998458981513977,14.002600606282552
l1_organ_curriculum_s42,../sample_data_reg/ncct_cect/vindr_ds/all_baseline_algorithms/B2_deeds__aligned/1.2.840.113619.2.278.3.717616.286.1587944968.878/1.2.840.113619.2.278.3.717616.286.1587944968.878_1.2.840.113619.2.278.3.717616.286.1587944968.981.4202498_deeds.nii.gz,1.2.840.113619.2.278.3.717616.286.1587944968.878_1.2.840.113619.2.278.3.717616.286.1587944968.981.4202498_deeds.nii.gz,29.50906969844794,0.9408851935877164,0.012375181939672786,0.0011196777037716782,0.9834708103407493,24.280973906522213,0.9638930381062831,0.032211532564376213,0.003731664657336304,0.9640443579374663,25.728776902601055,0.960178800790268,0.029657801428527437,0.002673759309686944,0.9612693879139619,0.41221642573459505,0.8212687347622148,0.00119530218041929,0.004917085688817691,1.3588637413551972,0.9506658769311148,1.107346191795052,1,1,0.9182923436164856,12.64743906656901
l1_organ_curriculum_s42,../sample_data_reg/ncct_cect/vindr_ds/all_baseline_algorithms/B2_deeds__aligned/1.2.840.113619.2.278.3.717616.323.1577925255.997/1.2.840.113619.2.278.3.717616.323.1577925255.997_1.2.840.113619.2.278.3.717616.323.1577925256.95.4202498_deeds.nii.gz,1.2.840.113619.2.278.3.717616.323.1577925255.997_1.2.840.113619.2.278.3.717616.323.1577925256.95.4202498_deeds.nii.gz,31.408000896168822,0.9535633468398494,0.008281606906366394,0.0007231025788374693,0.9899355671797373,25.27292939480833,0.9807076746084915,0.029317924899446235,0.002969662265131176,0.9813969901260635,26.75411897348623,0.9763642761222113,0.02455437319048164,0.002111485496444364,0.9767298587847938,0.322091862414412,1.0190286813357732,0.000826841639178931,0.004229988331933991,1.5655809187731935,0.9608968701810613,1.0286696532076967,1,1,0.995280385017395,26.275518290201823
l1_organ_curriculum_s42,../sample_data_reg/ncct_cect/vindr_ds/all_baseline_algorithms/B2_deeds__aligned/1.2.840.113619.2.278.3.717616.166.1580339223.519/1.2.840.113619.2.278.3.717616.166.1580339223.519_1.2.840.113619.2.278.3.717616.166.1580339223.616.4202498_deeds.nii.gz,1.2.840.113619.2.278.3.717616.166.1580339223.519_1.2.840.113619.2.278.3.717616.166.1580339223.616.4202498_deeds.nii.gz,32.07907813407916,0.9504755831164772,0.008162288983103822,0.0006195725762244926,0.991777375683062,26.134495871731197,0.9762668801901817,0.025958680657390893,0.0024352884714018293,0.9760955569237137,27.264936012772555,0.9762023271650654,0.023684204593898587,0.001877182075827877,0.9759519340605934,0.32588956636968297,0.7836078048513418,0.002019289450071064,0.006701806704476594,1.3435127987981432,0.8938692488706662,1.1076897027598072,1,1,0.9706796407699585,12.872090148925782
l1_organ_curriculum_s42,../sample_data_reg/ncct_cect/vindr_ds/all_baseline_algorithms/B2_deeds__aligned/1.2.840.113619.2.278.3.717616.166.1580339223.956/1.2.840.113619.2.278.3.717616.166.1580339223.956_1.2.840.113619.2.278.3.717616.166.1580339224.53.4202498_deeds.nii.gz,1.2.840.113619.2.278.3.717616.166.1580339223.956_1.2.840.113619.2.278.3.717616.166.1580339224.53.4202498_deeds.nii.gz,29.055177029124867,0.9371138622487488,0.010757045974334105,0.0012430319657681511,0.9859893268151249,24.383758902891223,0.9694336389106009,0.028085104817666042,0.0036443838190047114,0.9693271188109097,24.645186840666156,0.9619376827976653,0.029243914337927092,0.0034314787668993396,0.9617027985653649,0.3605398557027855,0.7970605561742762,0.0023061867577227526,0.006538181391397223,1.3870547811460396,0.8701352621431023,1.1205028632775573,1,1,0.9974416494369507,11.083842468261718
l1_organ_curriculum_s42,../sample_data_reg/ncct_cect/vindr_ds/all_baseline_algorithms/B2_deeds__aligned/1.2.840.113619.2.278.3.717616.286.1593493292.675/1.2.840.113619.2.278.3.717616.286.1593493292.675_1.2.840.113619.2.278.3.717616.286.1593493292.775.4202498_deeds.nii.gz,1.2.840.113619.2.278.3.717616.286.1593493292.675_1.2.840.113619.2.278.3.717616.286.1593493292.775.4202498_deeds.nii.gz,32.2012046147462,0.9526321032545565,0.008431320475329913,0.0006023924756143867,0.9930213255152535,26.740064225839024,0.9817636690336868,0.022133603456921388,0.002118329807999152,0.9816549771694779,28.5376697595366,0.9820431204643244,0.019524739445003485,0.001400338483423491,0.9818652649203202,0.4253575697439112,0.8136445229309308,0.002740055430207632,0.006142048014234948,1.2870050243508877,0.8806701379307267,1.1162732915890565,1,1,0.948215126991272,7.95945078531901
l1_organ_curriculum_s42,../sample_data_reg/ncct_cect/vindr_ds/all_baseline_algorithms/B2_deeds__aligned/1.2.840.113619.2.278.3.717616.306.1582703661.35/1.2.840.113619.2.278.3.717616.306.1582703661.35_1.2.840.113619.2.278.3.717616.306.1582703661.129.4202498_deeds.nii.gz,1.2.840.113619.2.278.3.717616.306.1582703661.35_1.2.840.113619.2.278.3.717616.306.1582703661.129.4202498_deeds.nii.gz,29.06456204751944,0.9162149203907649,0.010931693291244838,0.0012403486984097806,0.9832688888670881,23.97828995578458,0.9667447919373601,0.03200793054291263,0.004001022599068946,0.966684545338184,24.490239969271794,0.9582171013825281,0.032044416463346326,0.0035561166871516552,0.9579636188234644,0.2882795300858457,0.796638216383615,0.0016613778992200508,0.007124116751761466,1.3509054722586409,0.8845469537628393,1.0744666009957171,1,1,0.9978445172309875,17.155790056501115
l1_organ_curriculum_s42,../sample_data_reg/ncct_cect/vindr_ds/all_baseline_algorithms/B2_deeds__aligned/1.2.392.200036.9116.2.5.1.37.2418751871.1526972837.526920/1.2.392.200036.9116.2.5.1.37.2418751871.1526972837.526920_1.2.392.200036.9116.2.5.1.37.2418751871.1526973364.470863_deeds.nii.gz,1.2.392.200036.9116.2.5.1.37.2418751871.1526972837.526920_1.2.392.200036.9116.2.5.1.37.2418751871.1526973364.470863_deeds.nii.gz,29.71654837503548,0.937591368437381,0.010525220668711598,0.001067444152531992,0.9904841784157832,24.719271209992236,0.9751438452253635,0.031301989165297646,0.0033734391362543643,0.9756188364241701,25.22630180721407,0.9695195655985647,0.031198591853562375,0.0030017175145992873,0.9698039105905086,0.2830902040602605,0.79312040704108,0.003731126417177234,0.010402233638800308,0.9373927371295143,0.790852096904642,1.01315207364443,1,1,0.9979780316352844,20.924610137939453
l1_organ_curriculum_s42,../sample_data_reg/ncct_cect/vindr_ds/all_baseline_algorithms/B2_deeds__aligned/1.2.392.200036.9116.2.5.1.37.2418751871.1522984884.757455/1.2.392.200036.9116.2.5.1.37.2418751871.1522984884.757455_1.2.392.200036.9116.2.5.1.37.2418751871.1522985393.543093_deeds.nii.gz,1.2.392.200036.9116.2.5.1.37.2418751871.1522984884.757455_1.2.392.200036.9116.2.5.1.37.2418751871.1522985393.543093_deeds.nii.gz,30.01579610565305,0.9450313515815514,0.009618464100012339,0.000996369418814735,0.9890906578955818,25.159415468044457,0.9754358438677464,0.027670952246463175,0.0030483052439585147,0.9754146663117759,26.315381909497265,0.9747448103141182,0.026261124409034615,0.002335940675442211,0.9747246719552884,0.2872439413280216,0.8407330652272748,0.0030964450482912067,0.00707906719469161,0.9914764021630837,0.8932805342723695,1.0746738201300403,1,1,0.998631477355957,13.566522870744977
l1_organ_curriculum_s42,../sample_data_reg/ncct_cect/vindr_ds/all_baseline_algorithms/B2_deeds__aligned/1.2.840.113619.2.278.3.717616.310.1589696975.113/1.2.840.113619.2.278.3.717616.310.1589696975.113_1.2.840.113619.2.278.3.717616.310.1589696975.214.4202498_deeds.nii.gz,1.2.840.113619.2.278.3.717616.310.1589696975.113_1.2.840.113619.2.278.3.717616.310.1589696975.214.4202498_deeds.nii.gz,30.534828696394193,0.9492301000346166,0.008139457887373375,0.0008841320423168268,0.9890405573608956,23.845520157713974,0.9693682879344375,0.028933849048084263,0.004125228259937137,0.9691999481565905,25.26763829251427,0.9672695182046676,0.026632250184424836,0.0029732824728424603,0.9669511596885837,0.29022336311819963,0.7765184246814704,0.0021058200810322035,0.006708074367795525,1.456701528459668,0.8815163117583397,1.132206859136811,1,1,0.9884907603263855,14.093698229108538
l1_organ_curriculum_s42,../sample_data_reg/ncct_cect/vindr_ds/all_baseline_algorithms/B2_deeds__aligned/1.2.392.200036.9116.2.5.1.37.2418751871.1574736893.449879/1.2.392.200036.9116.2.5.1.37.2418751871.1574736893.449879_1.2.392.200036.9116.2.5.1.37.2418751871.1574737469.513228_deeds.nii.gz,1.2.392.200036.9116.2.5.1.37.2418751871.1574736893.449879_1.2.392.200036.9116.2.5.1.37.2418751871.1574737469.513228_deeds.nii.gz,27.419339687718235,0.9307384054206046,0.012378486355673214,0.00181161551427226,0.9809308199003122,22.3890122733389,0.9586039463467638,0.035523618857914586,0.005768976537307205,0.9588840345005997,22.901887788168498,0.9487886021604218,0.034352283602253536,0.005126385022138889,0.9485921245534805,0.31846080952428396,0.8446381792695064,0.002870127757559643,0.0065121686379997715,1.0022466921177067,1.0611820056010626,1.2485715987409405,1,1,0.9872292280197144,15.419639042445592
l1_organ_curriculum_s42,../sample_data_reg/ncct_cect/vindr_ds/all_baseline_algorithms/B2_deeds__aligned/1.2.840.113619.2.278.3.717616.259.1592554882.977/1.2.840.113619.2.278.3.717616.259.1592554882.977_1.2.840.113619.2.278.3.717616.259.1592554883.67.4202498_deeds.nii.gz,1.2.840.113619.2.278.3.717616.259.1592554882.977_1.2.840.113619.2.278.3.717616.259.1592554883.67.4202498_deeds.nii.gz,32.650751915301186,0.957705021010507,0.008047097058887395,0.0005431562840442697,0.9927915512936148,26.664594175240083,0.9843913904895739,0.025077683305428592,0.002155463050547558,0.984373649100744,28.516969293774004,0.9836677901654245,0.020508455985312753,0.001407029071071051,0.9835799688982781,0.38002527931945435,0.7987308140868061,0.0021025175516617644,0.006375809927062437,1.4905830838193683,0.8902052397103773,1.0951706017750373,1,1,0.9975608587265015,13.931955973307291
l1_organ_curriculum_s42,../sample_data_reg/ncct_cect/vindr_ds/all_baseline_algorithms/B2_deeds__aligned/1.2.840.113619.2.278.3.717616.249.1585713660.403/1.2.840.113619.2.278.3.717616.249.1585713660.403_1.2.840.113619.2.278.3.717616.249.1585713660.663.12_deeds.nii.gz,1.2.840.113619.2.278.3.717616.249.1585713660.403_1.2.840.113619.2.278.3.717616.249.1585713660.663.12_deeds.nii.gz,28.98886919077389,0.9394680534485321,0.00982857386771493,0.0012621561300618716,0.9804673309075181,22.444606029803854,0.9479128737596405,0.038343622043999,0.005695598894042013,0.9485998133839969,22.752180972304437,0.9383351620029551,0.03875839605993499,0.005306179076666984,0.9385167544157166,0.2348892779970323,0.6689161275083244,0.0023273118480716328,0.008791716943249366,1.498745048562812,0.9085961783778372,1.2495759513410893,1,1,0.9592598676681519,15.019140625
l1_organ_curriculum_s42,../sample_data_reg/ncct_cect/vindr_ds/all_baseline_algorithms/B2_deeds__aligned/1.2.840.113619.2.278.3.717616.306.1582703645.873/1.2.840.113619.2.278.3.717616.306.1582703645.873_1.2.840.113619.2.278.3.717616.306.1582703646.13.4202498_deeds.nii.gz,1.2.840.113619.2.278.3.717616.306.1582703645.873_1.2.840.113619.2.278.3.717616.306.1582703646.13.4202498_deeds.nii.gz,30.90700444472896,0.9532692478142375,0.007625422866658158,0.0008115206128943504,0.9878183169678393,24.120048838625017,0.9659141202251762,0.028613399868943012,0.003872532900367749,0.9657094599676098,25.258955854823565,0.9653607241364226,0.02678155289382483,0.002979232620304497,0.9650103513181728,0.2514754137276546,0.8821971674354501,0.0011167970488524484,0.004932481851675126,1.5071079312163602,0.946035436680455,1.070925048728273,1,1,0.9899615049362183,9.026727803548177
l1_organ_curriculum_s42,../sample_data_reg/ncct_cect/vindr_ds/all_baseline_algorithms/B2_deeds__aligned/1.2.840.113619.2.278.3.717616.286.1587944983.828/1.2.840.113619.2.278.3.717616.286.1587944983.828_1.2.840.113619.2.278.3.717616.286.1587944983.915.4202498_deeds.nii.gz,1.2.840.113619.2.278.3.717616.286.1587944983.828_1.2.840.113619.2.278.3.717616.286.1587944983.915.4202498_deeds.nii.gz,33.47446114605526,0.9572275183822061,0.006659925435629301,0.0004493180706687171,0.9935320266350249,27.37618624453623,0.984755970147688,0.024401266364562194,0.0018297062667771025,0.9848855193139568,27.63147995931768,0.980340006036825,0.024469988864520526,0.0017252498728399387,0.9803909566116965,0.241579215748046,0.8143466345538456,0.0015224195759439042,0.006056915823669237,1.6491608792132537,0.9055120502003875,1.093103070803942,1,1,0.9980198740959167,16.6986567179362
l1_organ_curriculum_s42,../sample_data_reg/ncct_cect/vindr_ds/all_baseline_algorithms/B2_deeds__aligned/1.2.392.200036.9116.2.5.1.37.2418751871.1432695579.168588/1.2.392.200036.9116.2.5.1.37.2418751871.1432695579.168588_1.2.392.200036.9116.2.5.1.37.2418751871.1432696175.178596_deeds.nii.gz,1.2.392.200036.9116.2.5.1.37.2418751871.1432695579.168588_1.2.392.200036.9116.2.5.1.37.2418751871.1432696175.178596_deeds.nii.gz,29.876305822203165,0.912901613074284,0.01163403189727577,0.0010288911171216501,0.9879400844498496,25.463055748690383,0.9759936273374199,0.029929823612090817,0.0028424604140245883,0.9764032192854674,26.35454106166939,0.9730314723645823,0.028061878577557063,0.0023149728065816238,0.973333451963911,0.317671122707103,0.7974660974940757,0.0023801834174622875,0.008226581282017713,0.9505419365078899,0.9237917953263082,1.0989922320588672,1,1,0.986439049243927,31.392193094889322
l1_organ_curriculum_s42,../sample_data_reg/ncct_cect/vindr_ds/all_baseline_algorithms/B2_deeds__aligned/1.2.840.113619.2.278.3.717616.306.1582703665.824/1.2.840.113619.2.278.3.717616.306.1582703665.824_1.2.840.113619.2.278.3.717616.306.1582703665.961.4202498_deeds.nii.gz,1.2.840.113619.2.278.3.717616.306.1582703665.824_1.2.840.113619.2.278.3.717616.306.1582703665.961.4202498_deeds.nii.gz,25.968702411890014,0.9228702665537676,0.012574310870635312,0.002530053814788216,0.9656349048413496,19.607223940459267,0.9122392215259199,0.04370957193002439,0.010946558591157233,0.912478042366446,20.199247381924856,0.8939801743970798,0.04594797571254776,0.009551580974413288,0.8932197237929711,0.2634676080137512,1.0040128339503163,0.0009227092364374864,0.004442791714340507,1.445216534297452,1.006608367173019,1.0992868981989359,1,1,0.977107048034668,15.335527038574218
l1_organ_curriculum_s42,../sample_data_reg/ncct_cect/vindr_ds/all_baseline_algorithms/B2_deeds__aligned/1.2.840.113619.2.278.3.717616.286.1587944967.557/1.2.840.113619.2.278.3.717616.286.1587944967.557_1.2.840.113619.2.278.3.717616.286.1587944967.658.4202498_deeds.nii.gz,1.2.840.113619.2.278.3.717616.286.1587944967.557_1.2.840.113619.2.278.3.717616.286.1587944967.658.4202498_deeds.nii.gz,30.93589239335284,0.9485344699783193,0.008777696817257671,0.0008061405376396006,0.9890811385030714,24.207192087172153,0.964931674235038,0.028623360544462642,0.003795603087904305,0.9646590814783117,26.5235497999336,0.9702720276553981,0.023333535379746122,0.0022266144337774064,0.9699417945147439,0.3603996687642131,0.7827561605079006,0.0020681824982552452,0.006899659395885676,1.3118473852005068,0.8755282434954293,1.0836035799061772,1,1,0.9885660409927368,7.074241638183594
l1_organ_curriculum_s42,../sample_data_reg/ncct_cect/vindr_ds/all_baseline_algorithms/B2_deeds__aligned/1.2.840.113619.2.278.3.717616.260.1578649386.487/1.2.840.113619.2.278.3.717616.260.1578649386.487_1.2.840.113619.2.278.3.717616.260.1578649386.582.4202498_deeds.nii.gz,1.2.840.113619.2.278.3.717616.260.1578649386.487_1.2.840.113619.2.278.3.717616.260.1578649386.582.4202498_deeds.nii.gz,31.83202258475099,0.9507737003998749,0.007214904736008658,0.0006558397592139653,0.9920994788982608,25.17535758180541,0.9727831355051572,0.025879194872608126,0.003037136015250292,0.9725778418326918,26.50846640783904,0.9755318251967768,0.023998704577380705,0.002234361087036043,0.9753022259527475,0.2792026956705792,0.8605278983702409,0.001692689211724809,0.006473627630044414,1.6437980083556996,0.8769454812299263,1.0955042073503642,1,1,0.9983042478561401,11.45166724068778
l1_organ_curriculum_s42,../sample_data_reg/ncct_cect/vindr_ds/all_baseline_algorithms/B2_deeds__aligned/1.2.840.113619.2.278.3.717616.260.1578649359.241/1.2.840.113619.2.278.3.717616.260.1578649359.241_1.2.840.113619.2.278.3.717616.260.1578649359.370.4202498_deeds.nii.gz,1.2.840.113619.2.278.3.717616.260.1578649359.241_1.2.840.113619.2.278.3.717616.260.1578649359.370.4202498_deeds.nii.gz,30.383800032982705,0.9488935714941519,0.009143535274453524,0.0009154191570498972,0.9881285228728298,24.443168238181766,0.9744933737689612,0.027904182251982747,0.0035948698875519847,0.9745383580695859,25.788515447120076,0.9713775886320009,0.025958845287403068,0.0026372327194860634,0.9712689497204647,0.3409245086953138,0.8133732491908632,0.001840356530451477,0.005579519415755769,1.413483068892119,0.8978496610119312,1.0773083515280535,1,1,0.9920899271965027,8.76148932320731
l1_organ_curriculum_s42,../sample_data_reg/ncct_cect/vindr_ds/all_baseline_algorithms/B2_deeds__aligned/1.2.840.113619.2.278.3.717616.202.1592287869.821/1.2.840.113619.2.278.3.717616.202.1592287869.821_1.2.840.113619.2.278.3.717616.202.1592287869.941.4202498_deeds.nii.gz,1.2.840.113619.2.278.3.717616.202.1592287869.821_1.2.840.113619.2.278.3.717616.202.1592287869.941.4202498_deeds.nii.gz,31.672045167288907,0.9394305320427649,0.009421229257016486,0.0006804488481859717,0.9894705223902905,25.20017417082135,0.9677547508636039,0.03190358267800204,0.003019830609739449,0.9675562175931829,27.34812210370783,0.9731701942849372,0.024943573747966324,0.001841568126339629,0.9729978903284442,0.3650677479739467,0.7324840580910341,0.0025133347854111605,0.009362948288810492,1.2253531426395938,0.8692317076722286,1.1500499843770053,1,1,0.99786376953125,16.317181905110676
l1_organ_curriculum_s43,../sample_data_reg/ncct_cect/vindr_ds/all_baseline_algorithms/B2_deeds__aligned/1.2.840.113619.2.278.3.717616.286.1587944968.878/1.2.840.113619.2.278.3.717616.286.1587944968.878_1.2.840.113619.2.278.3.717616.286.1587944968.981.4202498_deeds.nii.gz,1.2.840.113619.2.278.3.717616.286.1587944968.878_1.2.840.113619.2.278.3.717616.286.1587944968.981.4202498_deeds.nii.gz,29.016611200772715,0.9403945694565534,0.012707430489184185,0.00125411938242071,0.9814070434568521,23.83367665734006,0.9598155561072423,0.032699708977130586,0.004136493386117789,0.959894531086577,25.212525106216553,0.9549881874157198,0.03048384297258411,0.003011254689736321,0.9561079634189069,0.41221642573459505,0.8480459000667325,0.001252194533529383,0.0047412968520902776,1.3764173765595111,0.9521410314681179,1.1048753746334408,1,1,0.9492953419685364,11.86952412923177
l1_organ_curriculum_s43,../sample_data_reg/ncct_cect/vindr_ds/all_baseline_algorithms/B2_deeds__aligned/1.2.840.113619.2.278.3.717616.323.1577925255.997/1.2.840.113619.2.278.3.717616.323.1577925255.997_1.2.840.113619.2.278.3.717616.323.1577925256.95.4202498_deeds.nii.gz,1.2.840.113619.2.278.3.717616.323.1577925255.997_1.2.840.113619.2.278.3.717616.323.1577925256.95.4202498_deeds.nii.gz,31.476511151798977,0.9525149522976938,0.008203461780958167,0.0007117850873261434,0.9900917057169584,25.323140854660124,0.9809342289652738,0.028717589928602506,0.00293552588678315,0.9816372985178643,26.820531112880914,0.9766771519596111,0.024111456706634955,0.0020794423697665073,0.977062599444728,0.322091862414412,1.023429855930908,0.0008464308847484563,0.004215766365065697,1.5712580603534119,0.9622122783790106,1.0297767598373695,1,1,0.9883577227592468,23.30399932861328
l1_organ_curriculum_s43,../sample_data_reg/ncct_cect/vindr_ds/all_baseline_algorithms/B2_deeds__aligned/1.2.840.113619.2.278.3.717616.166.1580339223.519/1.2.840.113619.2.278.3.717616.166.1580339223.519_1.2.840.113619.2.278.3.717616.166.1580339223.616.4202498_deeds.nii.gz,1.2.840.113619.2.278.3.717616.166.1580339223.519_1.2.840.113619.2.278.3.717616.166.1580339223.616.4202498_deeds.nii.gz,32.04380568249725,0.9424573368527236,0.008342631123168636,0.0006246250996703565,0.991741713429819,26.135978568792435,0.9763900534978044,0.025747963176687785,0.0024344571970220815,0.9762309889497138,27.242599340173655,0.9761741148024617,0.023618341128154162,0.0018868616862453514,0.9759333818313674,0.32588956636968297,0.7970179337011938,0.0019478345993985736,0.006380423035751182,1.3474787107879318,0.9015941803647592,1.1089444245322622,1,1,0.9880771636962891,14.178312174479167
l1_organ_curriculum_s43,../sample_data_reg/ncct_cect/vindr_ds/all_baseline_algorithms/B2_deeds__aligned/1.2.840.113619.2.278.3.717616.166.1580339223.956/1.2.840.113619.2.278.3.717616.166.1580339223.956_1.2.840.113619.2.278.3.717616.166.1580339224.53.4202498_deeds.nii.gz,1.2.840.113619.2.278.3.717616.166.1580339223.956_1.2.840.113619.2.278.3.717616.166.1580339224.53.4202498_deeds.nii.gz,29.029810678068586,0.9355742523354806,0.010833466907209804,0.0012503135339297338,0.9859157845200187,24.33193511675138,0.969097437519108,0.028246121468199593,0.0036881322722514334,0.9690031132433986,24.618769207907487,0.9617068692983828,0.029300275065589496,0.003452415670547905,0.9614803500197389,0.3605398557027855,0.8046930671687716,0.002228961824387609,0.006371748280736065,1.3887365269811196,0.8729142313393974,1.117139408551996,1,1,0.9974973797798157,12.325205993652343
l1_organ_curriculum_s43,../sample_data_reg/ncct_cect/vindr_ds/all_baseline_algorithms/B2_deeds__aligned/1.2.840.113619.2.278.3.717616.286.1593493292.675/1.2.840.113619.2.278.3.717616.286.1593493292.675_1.2.840.113619.2.278.3.717616.286.1593493292.775.4202498_deeds.nii.gz,1.2.840.113619.2.278.3.717616.286.1593493292.675_1.2.840.113619.2.278.3.717616.286.1593493292.775.4202498_deeds.nii.gz,32.21536846603372,0.9527381446478157,0.008372566368944677,0.0006004310647100888,0.9930451939185736,26.716628054581506,0.9816685345409699,0.022047681539824907,0.0021297920154552587,0.9815508512327878,28.569343136416357,0.9821728003391196,0.01935002002711715,0.0013901628752651595,0.9819797965738613,0.4253575697439112,0.8105648104868887,0.002676325613183586,0.006052095906693277,1.2875874085275179,0.8795007523691875,1.1124004408572743,1,1,0.9877694249153137,8.965640258789062
l1_organ_curriculum_s43,../sample_data_reg/ncct_cect/vindr_ds/all_baseline_algorithms/B2_deeds__aligned/1.2.840.113619.2.278.3.717616.306.1582703661.35/1.2.840.113619.2.278.3.717616.306.1582703661.35_1.2.840.113619.2.278.3.717616.306.1582703661.129.4202498_deeds.nii.gz,1.2.840.113619.2.278.3.717616.306.1582703661.35_1.2.840.113619.2.278.3.717616.306.1582703661.129.4202498_deeds.nii.gz,29.805205250120935,0.8890865167458725,0.010911220452091556,0.001045874260663775,0.9859142562082038,23.938022826882865,0.96649999429706,0.03229780651326106,0.004038291987830747,0.9664021370284991,24.484876760806088,0.9582796704080045,0.032088160525628004,0.003560510935092935,0.9579979138402789,0.2882795300858457,0.8079333716161231,0.001760974742529244,0.006932575213073751,1.358356692360965,0.8746170923929691,1.0650312150464458,1,1,0.9728487133979797,17.42681339808873
l1_organ_curriculum_s43,../sample_data_reg/ncct_cect/vindr_ds/all_baseline_algorithms/B2_deeds__aligned/1.2.392.200036.9116.2.5.1.37.2418751871.1526972837.526920/1.2.392.200036.9116.2.5.1.37.2418751871.1526972837.526920_1.2.392.200036.9116.2.5.1.37.2418751871.1526973364.470863_deeds.nii.gz,1.2.392.200036.9116.2.5.1.37.2418751871.1526972837.526920_1.2.392.200036.9116.2.5.1.37.2418751871.1526973364.470863_deeds.nii.gz,29.574883206648934,0.9344043253752664,0.010647159732967997,0.0011028378916984292,0.9901267399421908,24.844426018119382,0.9756803506011892,0.03048348327547835,0.003277610922292776,0.9760862551729031,25.320627802905086,0.9700615004885006,0.030690050874986316,0.002937225024947324,0.9703098865237645,0.2830902040602605,0.7899728783303638,0.0039021263401332116,0.010294391408619277,0.9473600398333271,0.7892842495911208,1.0125798239530666,1,1,0.9980300068855286,19.369610922677175
l1_organ_curriculum_s43,../sample_data_reg/ncct_cect/vindr_ds/all_baseline_algorithms/B2_deeds__aligned/1.2.392.200036.9116.2.5.1.37.2418751871.1522984884.757455/1.2.392.200036.9116.2.5.1.37.2418751871.1522984884.757455_1.2.392.200036.9116.2.5.1.37.2418751871.1522985393.543093_deeds.nii.gz,1.2.392.200036.9116.2.5.1.37.2418751871.1522984884.757455_1.2.392.200036.9116.2.5.1.37.2418751871.1522985393.543093_deeds.nii.gz,29.69480504926086,0.9419543565312712,0.009814495399595126,0.0010728018038262833,0.9881226223618429,25.14267620350351,0.9752953664450738,0.027441760045477822,0.003060077176013851,0.9751998314524792,26.24507593970939,0.9742178414580109,0.026075140609354765,0.0023740639100501026,0.9740723501277828,0.2872439413280216,0.8406783565798767,0.0032389162720950623,0.006968479245469222,0.9998802270522534,0.8930830188573838,1.0798975106214126,1,1,0.9986367225646973,12.08558818272182
l1_organ_curriculum_s43,../sample_data_reg/ncct_cect/vindr_ds/all_baseline_algorithms/B2_deeds__aligned/1.2.840.113619.2.278.3.717616.310.1589696975.113/1.2.840.113619.2.278.3.717616.310.1589696975.113_1.2.840.113619.2.278.3.717616.310.1589696975.214.4202498_deeds.nii.gz,1.2.840.113619.2.278.3.717616.310.1589696975.113_1.2.840.113619.2.278.3.717616.310.1589696975.214.4202498_deeds.nii.gz,30.48648065756458,0.9480922856059707,0.008298924194287299,0.0008940296748510514,0.9889976736354824,23.80987900731732,0.9693264099280346,0.029508782973623464,0.004159221977564902,0.9692084704186856,25.23563368240414,0.9671981238013756,0.026917453077760268,0.0029952745177433153,0.9669190458106447,0.29022336311819963,0.7825736255355129,0.001985673559888388,0.00655485769775129,1.4527149964464314,0.8855296588861549,1.1250582878189057,1,1,0.9975348711013794,12.248772757393974
l1_organ_curriculum_s43,../sample_data_reg/ncct_cect/vindr_ds/all_baseline_algorithms/B2_deeds__aligned/1.2.392.200036.9116.2.5.1.37.2418751871.1574736893.449879/1.2.392.200036.9116.2.5.1.37.2418751871.1574736893.449879_1.2.392.200036.9116.2.5.1.37.2418751871.1574737469.513228_deeds.nii.gz,1.2.392.200036.9116.2.5.1.37.2418751871.1574736893.449879_1.2.392.200036.9116.2.5.1.37.2418751871.1574737469.513228_deeds.nii.gz,27.370603102080217,0.9295303026227428,0.012426330321914,0.0018320599876595232,0.9806980224202692,22.39829548529319,0.9585509600472757,0.03502878855903026,0.005756658297633431,0.9587742362110495,22.90277161480615,0.9487310898542761,0.03414006305116403,0.005125341864828479,0.9485017615935564,0.31846080952428396,0.8415546791406111,0.0029070840127566324,0.00632507786044259,1.0138979811649873,1.061589693517727,1.2518502084678897,1,1,0.988796055316925,13.28378186907087
l1_organ_curriculum_s43,../sample_data_reg/ncct_cect/vindr_ds/all_baseline_algorithms/B2_deeds__aligned/1.2.840.113619.2.278.3.717616.259.1592554882.977/1.2.840.113619.2.278.3.717616.259.1592554882.977_1.2.840.113619.2.278.3.717616.259.1592554883.67.4202498_deeds.nii.gz,1.2.840.113619.2.278.3.717616.259.1592554882.977_1.2.840.113619.2.278.3.717616.259.1592554883.67.4202498_deeds.nii.gz,32.67474991335417,0.9571665527242273,0.00795137009623169,0.0005401632189402229,0.9928295678020849,26.726399019521253,0.9845653325409844,0.024111412754411136,0.002125005693795794,0.9845220013444603,28.543914470135746,0.9837432382275249,0.020211740396893756,0.001398326386805225,0.9836576952796121,0.38002527931945435,0.8074734953386176,0.0020430738197665076,0.006132757937442228,1.497327460795784,0.8931655767913235,1.0945846565424855,1,1,0.9972394108772278,12.681063334147135
l1_organ_curriculum_s43,../sample_data_reg/ncct_cect/vindr_ds/all_baseline_algorithms/B2_deeds__aligned/1.2.840.113619.2.278.3.717616.249.1585713660.403/1.2.840.113619.2.278.3.717616.249.1585713660.403_1.2.840.113619.2.278.3.717616.249.1585713660.663.12_deeds.nii.gz,1.2.840.113619.2.278.3.717616.249.1585713660.403_1.2.840.113619.2.278.3.717616.249.1585713660.663.12_deeds.nii.gz,29.005038342900118,0.9246618602398565,0.010181526479305711,0.001257465752431393,0.9804916738983869,22.466690558665615,0.9481107928158297,0.038289089332763294,0.005666709431261214,0.9486646688865368,22.786375118561544,0.9387547893702566,0.038568186455391354,0.005264564951329648,0.9388202276405596,0.2348892779970323,0.6761936628742942,0.0023089871800918995,0.00872327511494011,1.5075532679927783,0.9126832114395225,1.2517214637744372,1,1,0.9609584808349609,15.034859466552735
l1_organ_curriculum_s43,../sample_data_reg/ncct_cect/vindr_ds/all_baseline_algorithms/B2_deeds__aligned/1.2.840.113619.2.278.3.717616.306.1582703645.873/1.2.840.113619.2.278.3.717616.306.1582703645.873_1.2.840.113619.2.278.3.717616.306.1582703646.13.4202498_deeds.nii.gz,1.2.840.113619.2.278.3.717616.306.1582703645.873_1.2.840.113619.2.278.3.717616.306.1582703646.13.4202498_deeds.nii.gz,30.94731144843277,0.9512453143520967,0.0076687819332844865,0.0008040237085767595,0.9879111170880582,24.177732106535032,0.9663315698255662,0.028089707820094057,0.0038214377489989818,0.9661192301852581,25.30812025579405,0.9656875928545667,0.02639641018040728,0.0029456963351146784,0.9653458451537215,0.2514754137276546,0.8897725626425058,0.0011246586918895586,0.004905119345408121,1.5192348883459244,0.9471744912163037,1.0744134378407832,1,1,0.9853521585464478,7.410906982421875
l1_organ_curriculum_s43,../sample_data_reg/ncct_cect/vindr_ds/all_baseline_algorithms/B2_deeds__aligned/1.2.840.113619.2.278.3.717616.286.1587944983.828/1.2.840.113619.2.278.3.717616.286.1587944983.828_1.2.840.113619.2.278.3.717616.286.1587944983.915.4202498_deeds.nii.gz,1.2.840.113619.2.278.3.717616.286.1587944983.828_1.2.840.113619.2.278.3.717616.286.1587944983.915.4202498_deeds.nii.gz,33.47852420074085,0.9468539588411572,0.006883261339731121,0.00044889790641148696,0.9935306717948971,27.412216451940537,0.9848715575205339,0.024034865560001544,0.0018145893381898896,0.9849388829834719,27.65928310919596,0.9804961935256922,0.024130601684994354,0.0017142402541498408,0.9804848049017728,0.241579215748046,0.8286909211355115,0.0014864344627329607,0.005987464293225519,1.653226864955748,0.9113704198681879,1.093558245483143,1,1,0.9880277514457703,18.872054036458334
l1_organ_curriculum_s43,../sample_data_reg/ncct_cect/vindr_ds/all_baseline_algorithms/B2_deeds__aligned/1.2.392.200036.9116.2.5.1.37.2418751871.1432695579.168588/1.2.392.200036.9116.2.5.1.37.2418751871.1432695579.168588_1.2.392.200036.9116.2.5.1.37.2418751871.1432696175.178596_deeds.nii.gz,1.2.392.200036.9116.2.5.1.37.2418751871.1432695579.168588_1.2.392.200036.9116.2.5.1.37.2418751871.1432696175.178596_deeds.nii.gz,30.446870709848234,0.9028132600893825,0.010998514160554041,0.000902220994897157,0.9894064656116645,25.5587802564937,0.9764464748313384,0.02933180043947921,0.0027804940774449976,0.9765998750641736,26.416164652822225,0.9735088574708669,0.02765836255073399,0.0022823567801947033,0.9735620233119788,0.317671122707103,0.8090781454478866,0.002326757147280823,0.007823139910683756,0.9618327436637982,0.8837899464416027,1.0428273391510907,1,1,0.9929040670394897,28.634271748860677
l1_organ_curriculum_s43,../sample_data_reg/ncct_cect/vindr_ds/all_baseline_algorithms/B2_deeds__aligned/1.2.840.113619.2.278.3.717616.306.1582703665.824/1.2.840.113619.2.278.3.717616.306.1582703665.824_1.2.840.113619.2.278.3.717616.306.1582703665.961.4202498_deeds.nii.gz,1.2.840.113619.2.278.3.717616.306.1582703665.824_1.2.840.113619.2.278.3.717616.306.1582703665.961.4202498_deeds.nii.gz,25.977739064215722,0.918725837259518,0.012738118361714248,0.0025247948378433753,0.9656951860092785,19.611628513746787,0.9122387661100874,0.04382632761650083,0.010935462323468795,0.9124515970297514,20.208814127634685,0.8941022588629784,0.04587563773064696,0.009530563674028707,0.8933424321806825,0.2634676080137512,1.0105687836574204,0.000919749267629798,0.004344798937768768,1.4422285788233977,1.0081937380650772,1.0968588699804063,1,1,0.9785329699516296,16.15902633666992
l1_organ_curriculum_s43,../sample_data_reg/ncct_cect/vindr_ds/all_baseline_algorithms/B2_deeds__aligned/1.2.840.113619.2.278.3.717616.286.1587944967.557/1.2.840.113619.2.278.3.717616.286.1587944967.557_1.2.840.113619.2.278.3.717616.286.1587944967.658.4202498_deeds.nii.gz,1.2.840.113619.2.278.3.717616.286.1587944967.557_1.2.840.113619.2.278.3.717616.286.1587944967.658.4202498_deeds.nii.gz,30.87952582496915,0.9422850353401415,0.008935285295656086,0.0008166715330048932,0.9889623977163116,24.14249431750726,0.9645351587001727,0.028675636783407593,0.003852570264274909,0.9642655188506113,26.47574417216029,0.9700114236776771,0.023357962068090512,0.002251259625915515,0.9696770471577936,0.3603996687642131,0.8027716436250556,0.0019876867781587803,0.006511172272971596,1.3249413591287598,0.8803496144538137,1.0809928675697846,1,1,0.9940384030342102,6.668239048549107
l1_organ_curriculum_s43,../sample_data_reg/ncct_cect/vindr_ds/all_baseline_algorithms/B2_deeds__aligned/1.2.840.113619.2.278.3.717616.260.1578649386.487/1.2.840.113619.2.278.3.717616.260.1578649386.487_1.2.840.113619.2.278.3.717616.260.1578649386.582.4202498_deeds.nii.gz,1.2.840.113619.2.278.3.717616.260.1578649386.487_1.2.840.113619.2.278.3.717616.260.1578649386.582.4202498_deeds.nii.gz,31.788203618422347,0.9479253440197044,0.007269303748388334,0.0006624904743917504,0.9920294327254217,25.181401165327525,0.9728706098931434,0.025456776116572988,0.003032912517036897,0.9726613887412474,26.507976918726747,0.9755827829280259,0.02374437008604337,0.002234612933906684,0.9753471876029214,0.2792026956705792,0.8707425825026452,0.0015476634090572092,0.006237792919370751,1.632299475143349,0.8849393190028494,1.0853761209573403,1,1,0.9861100912094116,10.171557290213448
l1_organ_curriculum_s43,../sample_data_reg/ncct_cect/vindr_ds/all_baseline_algorithms/B2_deeds__aligned/1.2.840.113619.2.278.3.717616.260.1578649359.241/1.2.840.113619.2.278.3.717616.260.1578649359.241_1.2.840.113619.2.278.3.717616.260.1578649359.370.4202498_deeds.nii.gz,1.2.840.113619.2.278.3.717616.260.1578649359.241_1.2.840.113619.2.278.3.717616.260.1578649359.370.4202498_deeds.nii.gz,30.374336533418575,0.9468859946901258,0.009272832155768816,0.0009174160772619374,0.9881858051229465,24.436618060864518,0.9746035181470497,0.028355654759535453,0.0036002958835820607,0.9747417243704699,25.795725149483562,0.9715650710081751,0.02612563451684213,0.0026328582937805464,0.9715297240827684,0.3409245086953138,0.8223464888359648,0.0017959076149288568,0.005387113024238453,1.416150997980918,0.9001491547502739,1.0759956487116633,1,1,0.9908500909805298,9.966718401227679
l1_organ_curriculum_s43,../sample_data_reg/ncct_cect/vindr_ds/all_baseline_algorithms/B2_deeds__aligned/1.2.840.113619.2.278.3.717616.202.1592287869.821/1.2.840.113619.2.278.3.717616.202.1592287869.821_1.2.840.113619.2.278.3.717616.202.1592287869.941.4202498_deeds.nii.gz,1.2.840.113619.2.278.3.717616.202.1592287869.821_1.2.840.113619.2.278.3.717616.202.1592287869.941.4202498_deeds.nii.gz,31.6574538672644,0.9379882428526074,0.009458171800566175,0.0006827388452666547,0.989432049658036,25.21199209993734,0.9679988843112128,0.031492910923268724,0.00301162428138902,0.9678377661022525,27.331907022254423,0.9729686380993345,0.024944466635593996,0.0018484567684037547,0.9728735394272162,0.3650677479739467,0.7494036501262693,0.0025440242363454946,0.009177508868533952,1.2250951184534118,0.866605888227876,1.1476989539180964,1,1,0.997867226600647,17.109194946289062
l1_organ_curriculum_s44,../sample_data_reg/ncct_cect/vindr_ds/all_baseline_algorithms/B2_deeds__aligned/1.2.840.113619.2.278.3.717616.286.1587944968.878/1.2.840.113619.2.278.3.717616.286.1587944968.878_1.2.840.113619.2.278.3.717616.286.1587944968.981.4202498_deeds.nii.gz,1.2.840.113619.2.278.3.717616.286.1587944968.878_1.2.840.113619.2.278.3.717616.286.1587944968.981.4202498_deeds.nii.gz,29.096223881681293,0.9399618074023216,0.012850800224833784,0.0012313389342326203,0.9819275006214297,23.975444336458864,0.9613196041817509,0.03292722580616542,0.0040036450404152095,0.9614942094757742,25.28672891836024,0.9560452722512602,0.030806042106192748,0.0029602412641772935,0.9573071071863585,0.41221642573459505,0.8296096092551455,0.0011562405533130672,0.004762706696806774,1.3808694353763085,0.9617694883228363,1.1132014287649932,1,1,0.9423784017562866,14.592566426595052
l1_organ_curriculum_s44,../sample_data_reg/ncct_cect/vindr_ds/all_baseline_algorithms/B2_deeds__aligned/1.2.840.113619.2.278.3.717616.323.1577925255.997/1.2.840.113619.2.278.3.717616.323.1577925255.997_1.2.840.113619.2.278.3.717616.323.1577925256.95.4202498_deeds.nii.gz,1.2.840.113619.2.278.3.717616.323.1577925255.997_1.2.840.113619.2.278.3.717616.323.1577925256.95.4202498_deeds.nii.gz,31.42252252059045,0.9541176222910067,0.00824019063656763,0.0007206887586204244,0.9899908051240756,25.185086840051063,0.9803371757948788,0.029265113207310164,0.0030303397035380195,0.9811703422198572,26.74679881856244,0.9762265242114883,0.02435679881258864,0.0021150474653427965,0.9767130036173882,0.322091862414412,1.0157177482979498,0.0008721245752343658,0.004160522319457302,1.5745339559914837,0.9598400856294937,1.031678961025396,1,1,0.9739305377006531,25.008585611979168
l1_organ_curriculum_s44,../sample_data_reg/ncct_cect/vindr_ds/all_baseline_algorithms/B2_deeds__aligned/1.2.840.113619.2.278.3.717616.166.1580339223.519/1.2.840.113619.2.278.3.717616.166.1580339223.519_1.2.840.113619.2.278.3.717616.166.1580339223.616.4202498_deeds.nii.gz,1.2.840.113619.2.278.3.717616.166.1580339223.519_1.2.840.113619.2.278.3.717616.166.1580339223.616.4202498_deeds.nii.gz,32.09073617185804,0.9483737349840632,0.008233812988403552,0.0006179116491590468,0.9918166896279456,26.17444299442174,0.976486388940876,0.02555813023692911,0.0024129909915674127,0.976320124324853,27.28405837339882,0.9763056254769918,0.023619647966415233,0.001868934851182048,0.9760755003734799,0.32588956636968297,0.788345456777819,0.002029147379608316,0.00659584836836238,1.3603779590479566,0.8950659034660909,1.1080886401985925,1,1,0.9940006136894226,14.01701405843099
l1_organ_curriculum_s44,../sample_data_reg/ncct_cect/vindr_ds/all_baseline_algorithms/B2_deeds__aligned/1.2.840.113619.2.278.3.717616.166.1580339223.956/1.2.840.113619.2.278.3.717616.166.1580339223.956_1.2.840.113619.2.278.3.717616.166.1580339224.53.4202498_deeds.nii.gz,1.2.840.113619.2.278.3.717616.166.1580339223.956_1.2.840.113619.2.278.3.717616.166.1580339224.53.4202498_deeds.nii.gz,29.059282670102572,0.9368376849438868,0.010819030876459588,0.001241857409872209,0.9860144416133926,24.41105542924872,0.9696040209933244,0.02801718287920022,0.003621549762522139,0.9695117836871533,24.648836686625284,0.9619295320902549,0.029362212522769885,0.003428596135846827,0.9617189102900572,0.3605398557027855,0.7997400490772724,0.002290350047136821,0.0064678986965671795,1.3987703095153323,0.8693995800963945,1.11855047968159,1,1,0.9963544011116028,11.770070393880209
l1_organ_curriculum_s44,../sample_data_reg/ncct_cect/vindr_ds/all_baseline_algorithms/B2_deeds__aligned/1.2.840.113619.2.278.3.717616.286.1593493292.675/1.2.840.113619.2.278.3.717616.286.1593493292.675_1.2.840.113619.2.278.3.717616.286.1593493292.775.4202498_deeds.nii.gz,1.2.840.113619.2.278.3.717616.286.1593493292.675_1.2.840.113619.2.278.3.717616.286.1593493292.775.4202498_deeds.nii.gz,32.25737355268057,0.9526159519673992,0.008358960829851141,0.000594651672536798,0.9931098251132567,26.815082996850784,0.9820561449848337,0.021792327537156316,0.0020820526152921623,0.9819620659429432,28.608161505886546,0.982300693732812,0.019335950018547536,0.0013777926049031112,0.982133803394623,0.4253575697439112,0.8110515482069609,0.00273240513792952,0.006104587567753322,1.2970611412192072,0.8794822679052364,1.1134695488845159,1,1,0.9754657745361328,7.7349797566731775
l1_organ_curriculum_s44,../sample_data_reg/ncct_cect/vindr_ds/all_baseline_algorithms/B2_deeds__aligned/1.2.840.113619.2.278.3.717616.306.1582703661.35/1.2.840.113619.2.278.3.717616.306.1582703661.35_1.2.840.113619.2.278.3.717616.306.1582703661.129.4202498_deeds.nii.gz,1.2.840.113619.2.278.3.717616.306.1582703661.35_1.2.840.113619.2.278.3.717616.306.1582703661.129.4202498_deeds.nii.gz,28.920617295813106,0.9071273504759075,0.012034087033010215,0.0012821483281999129,0.9828278884919313,23.9249531228013,0.966388911853935,0.03222038456245138,0.004050463171317657,0.9662946774230755,24.42732835203273,0.9576832684934806,0.03234369035055432,0.0036080052831103135,0.9574425217669797,0.2882795300858457,0.80327920830812,0.001559680913438514,0.007192879814855173,1.3505803957807851,0.8927422436728598,1.072831345652197,1,1,0.9891126751899719,17.15820258004325
l1_organ_curriculum_s44,../sample_data_reg/ncct_cect/vindr_ds/all_baseline_algorithms/B2_deeds__aligned/1.2.392.200036.9116.2.5.1.37.2418751871.1526972837.526920/1.2.392.200036.9116.2.5.1.37.2418751871.1526972837.526920_1.2.392.200036.9116.2.5.1.37.2418751871.1526973364.470863_deeds.nii.gz,1.2.392.200036.9116.2.5.1.37.2418751871.1526972837.526920_1.2.392.200036.9116.2.5.1.37.2418751871.1526973364.470863_deeds.nii.gz,29.735926226970484,0.9370918999889988,0.010560406712935302,0.0010626919170562531,0.990549170256554,24.755723066561664,0.9752195488822487,0.03129520441785122,0.0033452431751744434,0.9758280346667331,25.258542741726867,0.9695555597013777,0.031193671615134692,0.0029795160267495208,0.9699822736062519,0.2830902040602605,0.7928312631298462,0.003758621232736932,0.010169299340435702,0.9425865075517779,0.7871974019735388,1.009713332376209,1,1,0.9972038269042969,20.340741293770925
l1_organ_curriculum_s44,../sample_data_reg/ncct_cect/vindr_ds/all_baseline_algorithms/B2_deeds__aligned/1.2.392.200036.9116.2.5.1.37.2418751871.1522984884.757455/1.2.392.200036.9116.2.5.1.37.2418751871.1522984884.757455_1.2.392.200036.9116.2.5.1.37.2418751871.1522985393.543093_deeds.nii.gz,1.2.392.200036.9116.2.5.1.37.2418751871.1522984884.757455_1.2.392.200036.9116.2.5.1.37.2418751871.1522985393.543093_deeds.nii.gz,29.923297176803665,0.9438086169033445,0.009677615531574394,0.0010178183638788047,0.9888388814201572,25.167250948357832,0.975360647922863,0.027479229972636222,0.003042810492530364,0.975367686659071,26.302462042076282,0.9744546268469186,0.026045122680465084,0.0023429002342408634,0.9744201996490622,0.2872439413280216,0.8351942126990473,0.003311959519583013,0.006968750942675456,1.0119171109527652,0.8847477069559008,1.0803795428153073,1,1,0.9985454678535461,12.81866455078125
l1_organ_curriculum_s44,../sample_data_reg/ncct_cect/vindr_ds/all_baseline_algorithms/B2_deeds__aligned/1.2.840.113619.2.278.3.717616.310.1589696975.113/1.2.840.113619.2.278.3.717616.310.1589696975.113_1.2.840.113619.2.278.3.717616.310.1589696975.214.4202498_deeds.nii.gz,1.2.840.113619.2.278.3.717616.310.1589696975.113_1.2.840.113619.2.278.3.717616.310.1589696975.214.4202498_deeds.nii.gz,30.53156453921966,0.9487440452845673,0.0081772710837304,0.0008847968057157794,0.9890543071854747,23.857780308105617,0.9694495145812976,0.028879666207227008,0.004113599146492098,0.9693027055911958,25.279253387112522,0.9673276068572015,0.02663793850141322,0.002965341129274798,0.9670261109958219,0.29022336311819963,0.7769400368721713,0.002149744610840893,0.006529991175976884,1.4722184513490686,0.8825189475511831,1.1367900320882152,1,1,0.9942315816879272,12.077540806361608
l1_organ_curriculum_s44,../sample_data_reg/ncct_cect/vindr_ds/all_baseline_algorithms/B2_deeds__aligned/1.2.392.200036.9116.2.5.1.37.2418751871.1574736893.449879/1.2.392.200036.9116.2.5.1.37.2418751871.1574736893.449879_1.2.392.200036.9116.2.5.1.37.2418751871.1574737469.513228_deeds.nii.gz,1.2.392.200036.9116.2.5.1.37.2418751871.1574736893.449879_1.2.392.200036.9116.2.5.1.37.2418751871.1574737469.513228_deeds.nii.gz,27.433343639895682,0.930827602687802,0.012380810098790213,0.001805783315334193,0.980982502067556,22.36142872986449,0.958145178944523,0.035447064969159385,0.0058057339068773185,0.9584964247615629,22.904745743750325,0.9485618509637511,0.0342927493200473,0.005123012618923774,0.9484328891498512,0.31846080952428396,0.8491053794387822,0.002964204820901467,0.006392432806685787,1.0085367290212894,1.0542823639923822,1.2457948319873857,1,1,0.987502932548523,14.367638724190849
l1_organ_curriculum_s44,../sample_data_reg/ncct_cect/vindr_ds/all_baseline_algorithms/B2_deeds__aligned/1.2.840.113619.2.278.3.717616.259.1592554882.977/1.2.840.113619.2.278.3.717616.259.1592554882.977_1.2.840.113619.2.278.3.717616.259.1592554883.67.4202498_deeds.nii.gz,1.2.840.113619.2.278.3.717616.259.1592554882.977_1.2.840.113619.2.278.3.717616.259.1592554883.67.4202498_deeds.nii.gz,32.635550063980816,0.9571195247422308,0.008076501544903273,0.0005450608555918467,0.992764845446114,26.717278245457212,0.9845094646364996,0.024341497024709308,0.002129473183938846,0.9844945627010615,28.504763546622502,0.9835483989091689,0.020538248589280095,0.0014109890562335318,0.9835043406186837,0.38002527931945435,0.7971737858290722,0.0020716536536346283,0.0061871590726888925,1.498467945014252,0.8958716643911544,1.1004609672340058,1,1,0.997358500957489,12.189963785807292
l1_organ_curriculum_s44,../sample_data_reg/ncct_cect/vindr_ds/all_baseline_algorithms/B2_deeds__aligned/1.2.840.113619.2.278.3.717616.249.1585713660.403/1.2.840.113619.2.278.3.717616.249.1585713660.403_1.2.840.113619.2.278.3.717616.249.1585713660.663.12_deeds.nii.gz,1.2.840.113619.2.278.3.717616.249.1585713660.403_1.2.840.113619.2.278.3.717616.249.1585713660.663.12_deeds.nii.gz,28.94825112158432,0.935046674007225,0.010046005319632494,0.0012740160165118902,0.980325910392173,22.359299879645455,0.9468157490431889,0.03888341671872309,0.005808580493270877,0.9477632880217306,22.735442603022193,0.9377975412763644,0.03882288007475497,0.0053266693581151174,0.9382086706346648,0.2348892779970323,0.6654148200721065,0.0023947369250021835,0.008953262689619268,1.504088621211901,0.9009101188848859,1.2490979726671692,1,1,0.9931619763374329,15.141175079345704
l1_organ_curriculum_s44,../sample_data_reg/ncct_cect/vindr_ds/all_baseline_algorithms/B2_deeds__aligned/1.2.840.113619.2.278.3.717616.306.1582703645.873/1.2.840.113619.2.278.3.717616.306.1582703645.873_1.2.840.113619.2.278.3.717616.306.1582703646.13.4202498_deeds.nii.gz,1.2.840.113619.2.278.3.717616.306.1582703645.873_1.2.840.113619.2.278.3.717616.306.1582703646.13.4202498_deeds.nii.gz,30.967886214612776,0.9531279708634341,0.007526991666237948,0.0008002236427470471,0.9879732144497452,24.18543368360848,0.9663416568131664,0.02790068784879139,0.0038146669936411663,0.9661490718381647,25.32782081148183,0.9657916469101542,0.026202430071657963,0.0029323642682216886,0.9654658078107843,0.2514754137276546,0.8789373556840617,0.001273759843290839,0.004922233484504541,1.5411532120474107,0.9417698785643162,1.084102399201834,1,1,0.9975288510322571,6.14205322265625
l1_organ_curriculum_s44,../sample_data_reg/ncct_cect/vindr_ds/all_baseline_algorithms/B2_deeds__aligned/1.2.840.113619.2.278.3.717616.286.1587944983.828/1.2.840.113619.2.278.3.717616.286.1587944983.828_1.2.840.113619.2.278.3.717616.286.1587944983.915.4202498_deeds.nii.gz,1.2.840.113619.2.278.3.717616.286.1587944983.828_1.2.840.113619.2.278.3.717616.286.1587944983.915.4202498_deeds.nii.gz,33.307354545833846,0.9531002914313734,0.006799080005590034,0.0004669437270256093,0.9932560638915626,27.412299621917185,0.9848368922579825,0.023719790915946795,0.0018145545880574147,0.9848918600080803,27.64985775829327,0.9803840623029936,0.024066867914549255,0.0017179646536387148,0.9803766847283121,0.241579215748046,0.8237862386763986,0.0014041224860017196,0.006041086407351161,1.643547491759406,0.9180261844241464,1.0956346810978153,1,1,0.9879122972488403,14.360404968261719
l1_organ_curriculum_s44,../sample_data_reg/ncct_cect/vindr_ds/all_baseline_algorithms/B2_deeds__aligned/1.2.392.200036.9116.2.5.1.37.2418751871.1432695579.168588/1.2.392.200036.9116.2.5.1.37.2418751871.1432695579.168588_1.2.392.200036.9116.2.5.1.37.2418751871.1432696175.178596_deeds.nii.gz,1.2.392.200036.9116.2.5.1.37.2418751871.1432695579.168588_1.2.392.200036.9116.2.5.1.37.2418751871.1432696175.178596_deeds.nii.gz,29.823705506477744,0.913390548344386,0.011817576834488598,0.0010414284780237582,0.9877915408221067,25.395777991577727,0.9754449184425252,0.030158524981190673,0.0028868365873238573,0.9758528369382057,26.32826298717243,0.9727131286305278,0.02821234752195588,0.002329022591900807,0.9730684806064577,0.317671122707103,0.7979909253249746,0.002399043360777712,0.008036122179459086,0.9596442739692315,0.8935041870881693,1.0627686025053429,1,1,0.9869207143783569,29.371329752604165
l1_organ_curriculum_s44,../sample_data_reg/ncct_cect/vindr_ds/all_baseline_algorithms/B2_deeds__aligned/1.2.840.113619.2.278.3.717616.306.1582703665.824/1.2.840.113619.2.278.3.717616.306.1582703665.824_1.2.840.113619.2.278.3.717616.306.1582703665.961.4202498_deeds.nii.gz,1.2.840.113619.2.278.3.717616.306.1582703665.824_1.2.840.113619.2.278.3.717616.306.1582703665.961.4202498_deeds.nii.gz,25.985185757733646,0.9228239391814065,0.012613489275060535,0.002520469371064359,0.9657755572325236,19.625485140425308,0.912367714757495,0.04387909038855602,0.010900627171725127,0.912589931283092,20.21602567687463,0.8940411892227605,0.04591454833082334,0.009514751109108708,0.8932669256330094,0.2634676080137512,1.0042671312443567,0.0009646751002989431,0.0045217175162797245,1.4475207051105181,1.0017556196986535,1.095999230888258,1,1,0.9850678443908691,17.15646947224935
l1_organ_curriculum_s44,../sample_data_reg/ncct_cect/vindr_ds/all_baseline_algorithms/B2_deeds__aligned/1.2.840.113619.2.278.3.717616.286.1587944967.557/1.2.840.113619.2.278.3.717616.286.1587944967.557_1.2.840.113619.2.278.3.717616.286.1587944967.658.4202498_deeds.nii.gz,1.2.840.113619.2.278.3.717616.286.1587944967.557_1.2.840.113619.2.278.3.717616.286.1587944967.658.4202498_deeds.nii.gz,30.874270624877237,0.9464627831441804,0.008952959504834917,0.0008176603482399966,0.988973547125949,24.170230647754995,0.9646804218748203,0.028760694323329374,0.003828044125673795,0.9644225328099655,26.469906552746203,0.9699380294566721,0.023605411968921543,0.0022542877171965597,0.9696385380609116,0.3603996687642131,0.7835672571237597,0.002053880978511297,0.00682153631498376,1.328525835457099,0.8779001995377328,1.0846545720039764,1,1,0.9955194592475891,7.215681893484933
l1_organ_curriculum_s44,../sample_data_reg/ncct_cect/vindr_ds/all_baseline_algorithms/B2_deeds__aligned/1.2.840.113619.2.278.3.717616.260.1578649386.487/1.2.840.113619.2.278.3.717616.260.1578649386.487_1.2.840.113619.2.278.3.717616.260.1578649386.582.4202498_deeds.nii.gz,1.2.840.113619.2.278.3.717616.260.1578649386.487_1.2.840.113619.2.278.3.717616.260.1578649386.582.4202498_deeds.nii.gz,31.772096263725654,0.950089481565989,0.007292411282431127,0.0006649521179372478,0.9920127691860348,25.129587144063752,0.9724369361181286,0.02588486622287055,0.0030693137545145877,0.9722540872477686,26.469343778456903,0.9752854251746021,0.024093990107897357,0.002254579854772046,0.975080047140242,0.2792026956705792,0.8644565111918209,0.001666204195481736,0.006143216040269664,1.650834152849764,0.8813186990824013,1.0944499088603825,1,1,0.996813952922821,10.145524161202568
l1_organ_curriculum_s44,../sample_data_reg/ncct_cect/vindr_ds/all_baseline_algorithms/B2_deeds__aligned/1.2.840.113619.2.278.3.717616.260.1578649359.241/1.2.840.113619.2.278.3.717616.260.1578649359.241_1.2.840.113619.2.278.3.717616.260.1578649359.370.4202498_deeds.nii.gz,1.2.840.113619.2.278.3.717616.260.1578649359.241_1.2.840.113619.2.278.3.717616.260.1578649359.370.4202498_deeds.nii.gz,30.382217660918457,0.9481571322945432,0.009199845565997148,0.0009157527550308983,0.988150095435552,24.45165375526902,0.9745698054484084,0.027961843428862185,0.003587852863414417,0.9746358211750566,25.79180538204689,0.9714260626165193,0.026042324240202443,0.002635235678558015,0.971342543210285,0.3409245086953138,0.8205693559252801,0.0018458440574029191,0.005475671244128214,1.4178498850405146,0.8973370636823874,1.0754353552210691,1,1,0.9908100366592407,9.681444985525948
l1_organ_curriculum_s44,../sample_data_reg/ncct_cect/vindr_ds/all_baseline_algorithms/B2_deeds__aligned/1.2.840.113619.2.278.3.717616.202.1592287869.821/1.2.840.113619.2.278.3.717616.202.1592287869.821_1.2.840.113619.2.278.3.717616.202.1592287869.941.4202498_deeds.nii.gz,1.2.840.113619.2.278.3.717616.202.1592287869.821_1.2.840.113619.2.278.3.717616.202.1592287869.941.4202498_deeds.nii.gz,31.6423886076581,0.9384520551835914,0.009568391667439271,0.0006851113134810304,0.9894163804105448,25.234889244767164,0.9678942878107649,0.03147807670872493,0.002995787991042189,0.967696027196989,27.316712974950125,0.972905016514012,0.025229545178209627,0.0018549350285589812,0.9728203717770865,0.3650677479739467,0.7368405465795798,0.0024964469585585652,0.009200696509145047,1.2343061361628584,0.873510793648696,1.1545359619037003,1,1,0.9976466298103333,13.99809315999349
